id,type
5628bd6c,0
a1fcba39,0
f56c9501,1
9969afdd,0
b356eeae,1
3406706a,0
26c56102,0
e386ebf7,1
8c094b0d,1
939235aa,1
de6bf2a5,0
33a8ff5b,0
a32807a1,1
2906ef08,0
c2a01b8d,1
5a99160f,1
8b9017b8,0
fcf3bbf3,1
5132aa4d,0
68b90958,1
a4e0bd48,0
7138cbc6,1
a9edaba6,0
5c01ec6e,0
62827917,1
243b1e8b,1
de5c22e0,1
c412103b,1
01fdc089,1
d7a0ca48,1
d3adb450,1
3406d993,1
43e028ef,0
f7e4e741,0
4b46d80d,0
1a14903a,0
90e0340f,1
ab04afb9,0
5645140a,0
cf2f4c98,0
b6529244,0
cc23dc3d,1
6fde6893,1
b1644c1b,1
17ad5a2b,1
e586603e,0
9c187eed,0
65636b63,1
85d9870e,1
974dacb7,1
be970760,1
0b762e55,1
d73e5230,0
c0781220,1
b634f01c,0
18f35e38,0
54e1cb2b,0
550a25ff,1
631c59ef,0
68c0230d,0
dd8ede9f,0
2b5b5ab2,0
fef74d48,0
d97c61cb,1
5eb8334a,1
d55a4265,1
a1d654a1,1
83b48308,0
c6d75010,1
95735a86,0
01fc47c1,1
e489c56a,0
d5284bc6,0
8b543f17,0
97398bcd,0
141705d7,0
7b6ba78a,1
493dfdcc,1
cdbd2ed5,0
695fd460,1
c2982b13,0
ad281e8e,0
c0be245b,0
25a45c20,0
1236371a,0
c5e1cb84,1
492ca2ae,0
84563a83,1
507b73fb,1
cd98e5de,1
850c1b3f,1
4620fc86,1
c4238b55,1
f824e7ba,1
7d32e96f,1
2c807daf,0
963b978f,0
3880a010,1
83a2e06c,0
594e8f6e,1
c7a36c2f,1
69d956e2,1
394fb0e6,1
99e6eac2,1
83097766,1
01d87758,0
cb4395c1,1
5ad7f7f8,1
129a761b,0
bd909974,0
659aedb9,0
d6939ecd,1
34093430,0
e04e0e31,0
c316b5f7,1
ce6261b0,0
c75759ff,1
7880eafc,1
10259473,0
5b118bed,1
b1be32a3,0
937dbcda,1
592f827d,0
f2e61eec,1
123ffb78,1
840701de,1
2f13c879,1
da77c74b,1
50f8cf3f,0
43375d51,0
50d09a80,0
514590cd,1
d9a621df,0
f332feaa,1
d48cf8ea,1
507d675a,0
146abafc,1
419790df,1
d59bfbcd,1
b0d05d44,1
87aa88ea,0
f9b453f7,0
1322a90b,0
12e81ddb,0
e46f87a8,1
90d13591,1
a3eb8a02,0
a908dc5a,0
9786e520,0
7b0a5b49,0
1c3c8877,0
0e0cd2c4,0
c50910dc,0
fac26653,0
3fee486f,1
ac7ac0b8,0
29431553,0
245f0847,0
b5648c38,0
d74211ae,1
715f3adc,1
dc37f73b,0
8df036e4,1
4f18367a,1
93f49085,0
024224d4,0
b0f4351c,0
48e0a604,0
dd2ebcf1,1
af9bb3fe,0
d14c262b,0
d7c99aa5,0
2c47e2ae,0
b3894ab5,0
f8b90b71,0
7f43aef4,1
3c2583ad,0
c29d75dc,0
ffb07a36,0
2888316d,1
bf7dd729,1
b9da935d,1
cced52ea,0
320c3c0b,1
d33c1611,0
fafca3fe,1
6e1cfd16,0
82285aa5,0
53cf28ba,1
9a8189c5,0
b33cdafa,1
468b87ff,0
30e7b6b8,0
d97b5009,0
de30adfb,0
b6951324,1
8b732886,1
56e9fc25,0
a745c7bf,1
91ce4adc,1
9c60fb5b,0
e704958c,1
ddbc6043,1
877cf908,1
44b0b818,1
2be85d5c,1
af95316b,1
595bcc8f,0
0a2d0faf,1
4a366e7e,0
977e2545,1
b1ca50f4,1
3802441d,1
ec296384,0
e2e7e511,0
cea09629,0
a92d8fae,1
8987e05d,1
a9b3dc3a,1
c0870035,0
013e4d54,0
275793c5,1
41765ffd,0
48715d65,1
8179cd0b,0
10fe25b4,0
d12607c8,1
956c2247,0
2b463375,1
2e532efc,1
73cc34b5,0
fcb0c055,1
24e9561e,0
5ae28b42,0
661b7268,0
41bd6a5d,0
5669c785,0
c9c00009,0
6f5b0bae,1
837aefcc,0
016d4fcb,0
4420e7b4,0
d5ef3066,1
9c87f3f1,1
3ea84752,1
f1e0d47b,0
7d1220f1,0
309d8d32,0
51ee23fd,0
50a591c1,0
78dc8063,1
f53a857b,1
4ceed17b,1
52535f26,0
b1acbf97,0
8ace0dd1,0
869a871a,1
4703f0b1,1
2306f2b4,0
7ff7e296,1
65636353,0
f0982702,0
ab71729b,1
4240b42a,1
480890b3,0
553063c2,0
e55487f0,1
72656ddf,0
3983042c,1
fd86fdb9,0
251a2df5,0
6cac08e8,0
8635040e,0
0fcb0164,1
bd19e1ca,1
007749eb,0
c92ab9cb,0
6acc8abf,0
a815146e,0
eb1a3bc5,0
34b5ead2,0
436c06f1,1
0af17201,0
d520e0ef,0
1a1b2082,1
4725d505,1
62fcd1bc,1
2b3c84f2,1
67b54196,1
633a8384,1
c6a15b4c,0
ff427187,1
db421378,1
469fffd5,1
ca1727cf,0
0ad623a1,0
f81bbba3,0
bbc48e4b,1
7383fa03,0
c5d71914,0
91e79f48,1
bd257545,0
3cb2cd86,0
bf2ea890,1
0dc868b3,1
026f212d,0
4241abd3,1
d7582fc6,0
cf8dfd6b,1
fdb8c1de,1
ea3477c7,1
6addc3ef,0
86687c66,1
a2262a39,1
718fa060,0
5e7442f1,1
64537873,0
2d55d62a,0
1aede115,0
a1bd9e76,1
0ad3ffb8,1
83f5780c,0
da0a7222,0
b0103989,0
eed015e1,1
65a723ae,1
739f5b2e,1
494eccec,1
a0527e0f,1
1deb5f97,0
67d95201,1
c09cb746,0
83c70147,0
c6984f57,1
ff26d5c9,1
2d27d2a0,1
7a72ee3f,0
391844e8,1
895ca798,0
24bb8e6c,0
53f24d0d,0
2bcb5b6e,0
e990aa49,0
8da37289,0
dac28fee,0
e8653c8e,0
a6ec5e0d,0
d3a7588f,0
20f353f0,0
86130717,1
a7d14a3e,0
299ef617,1
793376f8,1
2879978f,0
6ca7aa59,1
dfb48d32,1
c2b9502d,0
0e245535,0
2533b162,1
722432cc,0
69d84dfc,0
78a9e068,0
3aa9646b,1
58e19729,0
d2b3c556,0
0fb5e7ab,1
780d43b6,0
88f0fefa,1
4beb0f9f,0
f6c88857,0
e845face,0
1c5cd784,0
71a3ef92,0
284f42e5,0
54959710,1
b5b094d0,1
44dd653a,0
1452248e,1
447f8876,1
e60d587f,1
8246e33c,1
00d07578,0
274ef1a6,0
4d87178c,1
f8172120,0
a5831de3,0
6a94705a,0
737bdc7b,0
6dffb09e,1
db779556,0
c57b959b,1
62f98fc0,1
777f6132,0
b01d8239,0
bcb5d2f5,0
f61c7993,1
dd6c1a92,1
7c8e0bd2,1
f126dc90,1
b7c35098,1
457acc51,1
cd00a8cc,0
1f0c5511,0
a619d92b,0
9fd646c1,0
7622ebaa,1
65c1be55,1
af332131,1
df4c5097,1
0b9f73ea,0
74a83ad0,0
70c0832b,1
a9495d80,1
a3b456e5,1
93fd2bd0,0
888d33e5,0
17d5ebcb,0
58966e2a,0
a587aae9,1
08fea4d0,0
8b0cff50,1
83f966ae,1
436e2a74,0
81f4ca39,0
2007b0da,1
70ba9a66,0
74e12a1f,1
62d55550,1
cac899f8,0
bafad3f3,0
96940a25,0
2bb61fa8,1
44d5d89a,0
97e07ad6,0
e6f46fcb,0
f401ac64,0
59316b6f,0
7d0c0901,0
f6294ab7,0
0811735d,1
9c18b640,0
0dd32d97,1
4f9335a2,0
e6a037c1,1
6e1eb6b7,0
d330d10d,1
1d117d48,1
512c237e,0
f00e8329,0
8215ba31,0
dfc1102c,0
ff1e0e8e,1
28f43c4b,1
c94165cf,1
70256b89,0
54e6d566,0
4164c772,1
0baa4a22,1
d02b385c,1
872adce1,0
e759f1a9,0
aa307a55,0
11550b86,0
1ef0dfb3,0
132035d1,0
1c2a1573,1
41efa415,0
aa36af7f,0
522837d2,0
30aec0a5,0
e3700bb9,0
9c906556,0
8637de86,0
da65d526,0
4b5b8c4d,1
57e4d064,1
d97dbf00,0
eddfb932,0
4591ad53,0
fe19f970,0
916eead1,0
4b39d278,1
dfe80718,0
1054dfe6,0
9f85c5b5,1
4093d06e,0
3190f18d,1
682f32cc,0
dd5bcef5,1
e6649739,0
9bce1497,1
14f6d24f,1
f90c9a23,1
79b71d1f,0
7b8a8c9a,0
dd057328,0
3147a28a,1
4558118b,1
34571ce8,1
15dc001b,1
4e1b5e7d,1
55e2967b,0
cc668310,0
27c91669,0
708c7908,0
56d2bed9,1
0850e478,1
6a9d975d,1
fc03cd34,0
efdab432,0
2f7845d6,0
3b9f661f,1
b851967f,1
e4e2df55,0
ce72d7eb,1
41052991,1
a1b4f889,0
dc207259,1
92cf8d33,0
c28e92c3,1
bafb9ca4,0
96a6f36f,0
9614844a,0
dc5b914d,1
edfe718c,0
b1919a9c,0
6293903c,1
9b7e179d,1
6a261add,0
01f0dec8,0
4f413245,0
7b930cdf,1
6e8b29b0,0
9d4c6200,0
ebb66c33,1
42f6361f,1
1d666c89,1
a978d9e3,0
40b5dc41,0
d288e3e6,1
ecc461e1,0
8807cd85,1
1a323eb1,1
95747e14,1
ce7d830e,1
2b39bb15,0
52e66c0a,0
c2e5732c,1
8adff64d,0
bcbd22d7,0
0d692eec,0
500959a3,0
45a3420f,0
3c68aa98,1
24cc82a0,0
def0472d,1
3bfd856f,0
3eb1c62b,1
7e1b78eb,1
e20391a8,1
903efbc8,0
eb6993f4,1
299f918d,1
dac9df1a,1
1da25136,1
27ed533c,0
2909d27e,1
274ba646,0
09ff06e2,1
1fb9cdc2,1
bf7b4610,1
4c993192,1
6c352fc4,1
9b0d0ebc,1
724626d5,1
1f3d069c,1
79220588,0
6a2409f9,0
62d150c2,1
2d76caaa,1
2e531b15,0
fc70127e,1
8426d482,1
85c9be3e,1
0dff90bb,0
b608b308,0
e2d25ae6,1
19863e58,0
071ef7d3,0
7f60ae37,1
cfb8de92,1
b6872361,1
37375c3a,1
842d6eca,1
25234825,0
bbeedf24,1
a4cab67a,1
641b6660,0
559e12ec,1
725b3c5d,0
2c0f0152,1
03b10237,1
c15441f8,0
b7e6a8cd,0
ebe8de4d,1
d953812e,1
97991836,0
35bb7252,0
3fc3042d,0
f72070ab,0
e97038ba,1
ada20247,1
5c7e252e,1
b68e644f,0
ab1953cd,0
deacd409,1
23ae80c0,0
d207c4c7,0
af6c0de2,1
8263b34d,1
e67844f8,1
f6ea14bc,0
e7fde8a9,0
411cedbd,1
8a844bbe,1
3db27959,0
d0947c2f,0
9e3636de,0
9898eb39,1
70776ae8,1
a2dd0d2c,0
cedec6fd,1
490a316a,1
bb1bf127,0
b0a79385,1
6511fda5,0
150d8281,1
1b54e7bb,1
b5034f87,1
49950ead,0
90abf6a7,0
15493cbe,1
82bc8caf,0
dc7840e4,1
988b51a7,0
d60dfc3b,0
25c16407,1
9bb2947a,0
46666f64,1
fe39d4f4,1
bd68e9c5,0
72a5ed1c,1
c0e05905,0
d63632dd,1
992ab973,1
dc0167f3,0
557abf54,0
b90c48b1,0
7aabc21f,0
5dda1682,0
69edbb36,1
eaa8e8b0,1
f6c9c227,0
eaceba9b,0
eba25af9,1
9bc77472,1
8bfaa4cb,0
4a8d531e,1
b3060051,1
4f1cb3ac,0
a0ee4f28,1
6f03d127,0
eb8828f6,0
f3b51c81,0
84992594,1
7b8ba398,1
bef23416,1
da558e54,0
08ce5a67,1
ea10a7f9,1
1a7c146f,0
878a3e38,1
4a5d916d,1
afb14d26,1
9e9c8d1a,0
2037c9c9,0
0d64dd55,1
1b69c523,1
4aecc89b,0
fc5eb889,0
c26ff8d1,1
0e98abb5,0
79543cf3,1
e8677534,1
3114cd8c,1
ae39e231,1
b1d20498,1
570c258c,0
0313fdb4,1
17dbae8a,1
f7514735,0
e609acfc,0
d3eaca3c,0
dc864752,0
322ff98c,1
f28f4745,0
c8a642a5,1
9bdada85,1
855d1d66,0
874c3622,1
c410281e,1
0ad7e1ed,1
ee5f6f7a,0
b2024970,0
2a4763fa,0
afbbf23d,1
bce666b5,1
3e1fc608,1
2ebd281a,0
17bf74a8,1
998ad60e,0
53017d55,1
c143ba76,1
7cd1c26f,0
9b14d03a,1
4c2713ae,1
67ede1c7,1
cee2e40a,0
dc209585,0
8a8aec6d,0
4b97bc87,0
d2ba953e,1
10aff8a1,1
9025c4da,1
3ffff1db,1
49e8da28,1
058ec162,1
b34cc98d,1
163fafca,0
b1df1752,0
caeacab9,0
7c945dea,1
23465983,0
c5d0e6ca,0
d650a8f9,1
9d1ae08e,0
8c411954,0
227525b4,1
c53586f2,0
b191e6d1,1
70408aef,0
0075d230,1
1e3af66f,0
f2a1a190,1
d195d055,0
ae61aa75,0
955d5ac9,0
3e09d781,0
c1ea6d56,0
3ff4c3f0,0
5f82e2c3,0
9519083b,0
9d2560fa,1
28b76694,0
214ae743,0
99c209f7,1
1bfebb6c,1
0a61ed45,1
149a4cb0,0
e40c117f,0
1a53315a,0
97b3029f,1
bf371236,1
b73607f8,1
992b399a,1
07c39f9a,1
b5fca686,0
1269d6c1,1
847a9cf6,1
109b820b,0
65752867,1
4d94d4ef,0
82983aca,1
8c5cf01f,0
fec7d28c,1
d6157ac1,1
b9271281,0
1309dce5,0
200cead7,1
d8868f46,1
98c6a2bb,0
04a2cf64,1
105311ef,1
dbedfe41,0
2a39b731,1
486cb841,1
e6398b42,0
e765c997,0
e9e2d5c2,0
529a2413,0
33c29148,0
d2e39418,1
df8d602b,1
2d0bad79,0
f1c119ed,1
7b4a83a2,0
4d5ca4a2,0
b3b8e7c7,0
dbbc4edb,1
e7d7913f,1
d01ca843,1
37ff2000,0
4772c7c6,1
b1972e82,1
ae885a15,1
1034c934,1
ba8fee40,0
def3c706,1
416cfb9c,1
f0a43d23,0
7dd6469b,1
c1bcb12b,0
3c9cbb4e,1
a21c7880,1
dfa265c7,0
947d4e5b,1
f0996212,0
e79c94d7,0
21bb6df1,0
04821f9d,1
abb34623,0
4b15bd5b,0
b64269f0,1
d4cb0508,1
ce026db9,1
194c3a31,1
75eb69c3,0
2939d184,0
0dcbb643,1
d8def6fe,1
7c14c441,0
09decec8,0
f896a806,0
6bba4972,1
034ef487,0
299ab0fd,0
c82264fd,0
fd166006,1
511ad39b,0
211b2a73,1
07f19654,1
02bd43d6,1
067e3049,0
855165ef,0
74d59974,1
9093c0a9,1
e443cb3b,1
601c1baf,0
5cc91626,0
913126cb,1
3c4c1da2,1
014ed5cb,0
ecaba057,0
37676dbc,1
e6236f9c,0
dab9e83e,1
a988a314,1
67bd4266,1
3f720f20,1
6d1612bd,1
bc0de3c7,1
8d8099bc,0
1a029d73,1
73b2e091,0
ed45e247,0
35b9a654,1
4ebfcec2,1
7ba441f7,1
fbc5ada0,0
ece706af,1
0dee6570,1
921c6171,1
cabebc21,0
b8fad211,0
f543ae46,1
95b55fd9,1
0c535264,0
958d76ab,1
f69f36f5,1
cf946cec,0
cdbfd2d6,1
ea5fdff1,0
5fb14b4b,0
8f8c62fa,0
526457fe,0
a0033f4d,1
6547025b,0
0f2917da,0
7c07c774,0
865969d8,1
45c84f55,1
70d4ad1c,1
b1142599,0
42fdcf71,1
afce3cac,1
518fc2fd,0
e8cf21e8,0
e17a729f,1
33124340,0
5880cc18,1
3d6a03a3,1
516d1518,0
3beababc,0
3aed521a,0
b2082ca9,1
c706b534,1
a1c25c6b,0
bfb7d695,0
76dda998,1
89a0aee7,1
dbacbba4,0
ed9cff27,0
8412fe49,0
6bc94630,1
9cbaf28b,0
1e768105,0
5d25dc31,1
b8678ae6,1
1822f2df,1
0054a022,0
4cc60025,1
54e8ab44,1
0ac7b85a,0
9cb3115a,0
6a5ef126,1
d8f7081c,1
b064f14a,1
d24be0ed,1
fa194022,1
dd3c467d,0
13a13a24,0
10d88bc4,0
1c3e7581,0
c9c69241,1
12321d9c,0
313f785e,0
6f51921a,0
92219ee0,0
bcfe444f,0
579544ea,0
40f29543,1
b47c3269,1
4947ea2c,1
7b3c2e85,1
f57254a9,1
77c0aa7b,0
90624898,1
07b476cc,1
995ecfa1,1
d5339cd8,0
b76fd882,0
5422f61c,0
10987e1f,1
6fcaa9d1,1
18495c67,0
529abce2,1
593001dd,1
dae3e363,0
2013a232,0
b229da1a,0
bb2d35ed,1
5acf323c,0
cb2d4380,1
a342fe56,1
16486312,0
ca661657,1
70f7976c,0
3bb2e994,1
299eff85,0
c98cfa15,1
aff19471,0
f8a43b9c,1
ccaf4eff,0
1a1eb663,0
76094614,0
876d4e8b,1
8909a2c5,1
21b0576a,1
cf058b20,0
53bc4a72,1
82408b2f,1
7217b7ec,0
8a336a7f,1
09b2175a,0
35a257c3,0
58838ab8,1
1cf5e6b5,0
28635253,1
21f444dd,0
3d02cee2,0
8875b125,1
05a00e3a,0
6a3aa904,0
4bbc3e05,1
03887308,0
166e23c3,0
5ecf56c9,1
e1391469,0
787f30cd,0
fc046535,0
7678e2df,0
b9d2ac0c,0
271eb021,1
9f0ff6f7,0
b3c7b7cf,0
7f6229c9,1
fdacbf47,1
c2806c75,0
5406e26f,1
49c0a827,0
a6b206f3,1
c60aedc0,1
65b6ffc0,0
60a1d9a8,1
d09fa012,1
6dd434cb,1
1c5dcf35,1
c7ef642e,1
712ca597,1
62cfa0ba,0
e50fa0ec,0
fb001d07,0
432285b7,0
50f39dcb,0
5c777300,0
fb990b96,0
4deb9fd4,1
79446671,1
e92e1710,0
7bd2189a,1
ab5f6d3b,0
a15e67ca,0
622787e5,1
d294019e,0
5806d906,1
5d83c0f2,0
ac5e8b91,0
0e5aedb1,1
a31496d7,0
7645e23c,1
89588a3a,1
a01c1524,1
0ce5d025,0
57406be2,0
a7a807c9,0
8d60d7d1,0
ac210fa5,0
0618740c,0
0cc7efaf,0
e6a130e1,1
911fc886,1
407c9357,0
7c6555bf,0
8abfb28e,1
dc8fce66,0
4f4d55a6,1
2de20c8e,1
dd3e0e93,1
77c3826d,1
0787846d,1
a41407f5,0
c1006267,0
2ffa10f3,1
ff1fed62,1
03925c4f,1
87b6a9b8,1
2c9a38dc,1
971bf098,0
8fab72e6,0
75a90d1a,0
7bca43af,1
9e2962bb,0
d7ec8c1d,1
16fef692,1
8dd827b1,1
423311f7,1
4e3df01f,0
2324b11d,1
9f0b6bd0,0
1f85a34d,1
e4dfb764,1
7d09a812,1
60df5938,1
de29de83,0
26855faa,1
33d2a673,0
64f04018,0
e0e990e6,0
30878603,1
29b2d34d,1
517e3ff2,1
09b1dddb,0
8e479e96,1
2cb80548,1
29d89be4,0
642333c2,1
c0323d9c,0
950b22af,1
84dff94f,1
7af5e7d4,1
3be0b75f,0
9cd96b08,1
12a4e0ad,0
67f2b11e,1
273858d3,0
65258b7f,0
896eaf11,1
4b687394,0
7bef0c0e,1
ede0f860,1
87bc7af1,1
ea448524,1
5a9a8a52,0
0d66b79f,1
434e0429,1
c4f2955a,0
b95c8851,0
f6def59b,0
28c67662,0
8cb8ed34,1
d68f69ad,0
e9d44e45,1
46a7017c,0
9bc80053,0
aa64c0b4,1
b58cfeaf,0
3b7566ea,1
33ddf484,0
e669dc28,0
eb9c1faf,1
0d7cc5d5,1
cfe99357,0
9d04cf26,0
9e730aea,1
1f88d1a4,1
5231c334,0
da3d4ec8,1
eac8b9c1,0
ff6592ef,1
3f72c50f,0
b0015c42,0
11cc0c55,0
9aa0354e,1
2681d05c,1
f975f116,0
b8b5c6c6,1
d4e39db1,1
c07695f1,1
4bc1db89,0
176e0ab6,0
547c7869,0
ff87281a,1
4b5ddcd3,0
d055584d,0
ca6370bc,1
a31a16fb,1
e6f24292,1
7891a74e,0
6b7366a5,1
0c594c87,0
89b85dff,1
8c76d2de,0
10244e79,0
74926915,1
496cb7dc,1
6fb0e9c2,0
a787ff8b,0
9d7c8f90,1
0683ff6d,1
8bbafc5a,0
27800a68,0
2fae27c9,0
44eb5abe,1
bcb04ff7,1
a670af3d,0
929a17ff,1
3ecb55cc,1
7901f2a6,0
c628b45c,1
8684479b,1
41538a97,0
8911e130,0
968dd3f2,0
8349fdde,1
e2c3b4a2,1
78606899,0
68319ba4,1
58361f65,1
f326e935,0
2534b672,1
01660bff,1
c907aadb,0
c3ea5821,1
887343c2,1
58b18c9d,0
0965cea6,0
d2ebb2b0,0
1c274b28,0
3fd35831,1
725ef94b,0
23ead0a8,1
f9282470,1
13b1aab5,1
e652b9e2,0
ba895ba3,1
5a177c89,0
b96b9217,1
b94d266f,1
854240eb,0
fec49de2,1
9d757052,0
c3caff54,0
f28a2996,0
de83c8ec,1
f0730888,1
8a70f08a,1
b3c06943,1
2cc5cff6,0
2aa49d7f,1
9c95a3cb,1
49a39408,0
51b1cd26,0
701e290f,1
9b6985f6,1
1c663c29,1
42db9b5c,1
099e33e4,0
19f5194d,1
2f3d76b0,1
5769d6a9,0
b2eacf84,0
72a23776,0
af7e9ded,0
3aafe1eb,1
e49c9d44,0
979f0f98,1
3807717e,1
fbb061f4,1
0218d799,0
a3185302,0
b27d0614,1
ac2bde9d,1
46775955,0
6dc1f962,1
2a95d45b,0
deb9110f,0
4cc0a4df,1
e3f235bf,1
d7e6f5d6,0
3dc8a3f4,1
894e7d3c,0
05b93a98,1
d88d5ec5,1
32e1a821,0
01b16a2d,0
b19abe64,1
c06e5ed1,0
8c510806,1
dd31d2dc,0
117fa2bc,1
48420f70,1
f88d9d7e,1
2c11d010,0
810c189d,0
c013c8e7,1
9e272986,1
e60bb520,0
cdba8321,0
4745de1d,0
72a346d7,0
becb00ea,1
0793769f,0
80eeed8a,1
80e847dc,0
db6f4a89,1
c69ed9d3,0
66fce6f2,0
5281c11b,1
abb8f786,0
e732128b,0
9f157af5,0
26b35462,0
23e8e404,1
bda070a1,1
3ff736d6,1
76a1f9a4,0
bfc667ef,1
52a09b8e,0
d326e6ca,0
003cd8f3,0
6023d055,1
ad7df318,1
cb3c77c2,1
fbbbbf79,1
3ee51be7,0
25485ed0,1
a25f0648,0
8b744301,1
53ec742d,1
2e69660d,0
d152a1e9,0
9405ad27,1
c6601411,0
8fed767b,0
14b9cfbe,1
fca95d7d,1
e6366c50,1
354852be,0
a4179045,0
65094c90,0
06e8b02d,1
a32fca7e,0
1435c05a,0
43abc7d4,1
2572e7e9,0
e125d7ff,1
6481eaf9,0
26ab21b1,0
a546c855,0
b356646c,1
2549c85a,0
379fb4dd,0
306dcecf,1
ff546eca,1
02f98e21,1
f4420bca,0
2417c461,0
dd2aae70,1
d7fb69f9,0
c390cbce,0
abc48f12,0
e9d87023,1
60c2c590,1
d08ec6e7,1
1e9a990e,1
aed79828,1
d5cc02d2,0
1879d457,0
b070a6bb,1
2f684acc,1
a92d820b,0
ef4fcd60,0
ed76683a,0
302d0bd5,0
77541ef9,0
41af8927,0
2898746a,0
701df3d9,1
3a770a8f,0
4d16a143,1
580d3d32,1
699bc59f,1
acca23d7,0
9adc0252,1
969d6e8e,0
adf01fc6,1
78fd2e68,0
c4a12a4b,0
1e6c6117,1
a9d29494,1
ac23471c,1
8a951a6d,0
0982ec32,0
8686f4e5,1
65b8a85f,1
1a1c5d10,0
02dcd75a,1
00a9c824,0
bf5ea38d,0
b47fbb8f,1
548a3777,0
83d2bee8,1
ed16e862,0
ba2e3071,0
1a458659,0
1f796137,0
ed5a73b5,0
a8f7a1a8,1
077e05ad,1
7d909b8c,1
816c4af9,1
0bfd0e8c,1
362f441c,1
c73da462,0
8c8bb6bb,1
8bf8144e,0
d9db885b,1
3c88ae46,1
b4753c3a,0
b73f4064,0
0cdf2a86,0
984e310d,1
9cb904a2,1
7796eca6,1
6e450ada,0
616d4505,0
8f557427,1
84509f5d,0
e4218c74,1
717ff93d,1
50c6f062,1
85a78c9c,1
396e2618,0
680cafa1,0
7174e2c2,0
dc7070f5,0
f2002bca,0
6de3aa7f,1
9b95389e,0
20787251,1
6360de34,1
143dfb44,1
8dfc3a73,1
34bb4e10,1
c92ef27e,1
b490654e,1
7a084dbf,0
48bc1a62,0
84ec50b3,0
df9f5c20,0
9c728b2a,1
f512559c,0
5bdb1ca9,0
15ba879c,1
72a0101d,0
8b3ed9e0,0
ee34ca6d,1
aa450205,0
e97bff01,1
1cdb9618,1
43e1ce2b,1
56326aa9,0
7d53e8df,1
f8157f8a,1
368c39f2,1
9f60094e,1
26eafd44,0
092dc6fa,1
781b38ab,0
5f949b90,1
253fc42a,1
2eeddbc1,1
a79b6826,1
2ae05116,1
8059fbc4,1
7a69abf7,0
8bb1d4ea,1
eeb0e999,1
97bc031b,1
7d4838c9,1
f735163f,1
98d355e5,1
cce532da,0
a7258f43,0
122e496a,1
088d3fc7,0
936ba122,0
b7fb09bb,0
d7c15da7,1
01278240,1
57f742c6,1
73212dd4,0
162e358a,0
c0e0d8cb,0
c02890a6,0
124c043b,0
22e8825a,1
aeb4d86f,1
c2442c82,0
5656fcc9,0
f7e25630,1
94fb398c,1
b66d5cf9,1
7075417e,1
fb73ac14,0
f30f26a2,1
d1d80e9b,0
5a3ff34e,0
ca20aee5,0
81057ef7,0
63c0e542,0
cf2d34d0,1
fda12b7b,1
9701df9f,1
16b057a7,1
22701932,1
35826b94,0
54468db0,1
45e23108,1
e02c280a,1
e1565b1b,0
e57d4dc2,1
362843de,1
acf1b698,1
4a1f95cf,0
7ddf0645,1
5e58c1f2,1
e3a2d7db,1
4931f289,1
4c56d77b,1
1bc46bdd,1
3554bdd3,0
ff122826,1
d5c32e28,0
6133a387,0
a14d1642,0
60a06901,0
80c9b54f,1
9aef2e25,0
b301c422,0
62bf7766,1
3210e695,0
b040137a,0
cbba1409,0
c4bb6380,0
99090b14,1
0c559ad4,1
9f554d4e,1
e4460d55,1
9ef0f82e,1
d29c045d,0
e3054c34,0
8eb5cb33,0
8cc5ca25,1
e0ec868e,1
2c831228,1
f73de8a3,0
6c03905b,0
9de3b1c0,0
0ea0d658,0
d87199db,1
f28ed3e0,0
f2749ddc,1
f524f31f,0
c55c14ef,0
af5069d4,0
b24ac9c3,1
182e09db,0
31895aba,1
f9d2bd73,1
f8ab5216,1
4ad53acb,0
5ee123bb,0
d220d966,1
e859ef07,0
554d964d,0
92ce630a,1
59b6abf3,0
aa891da9,0
8d41d6dc,1
0d3c783c,1
81aac7e1,1
4308d82e,0
f58c3d52,1
15495c6e,1
49298fc4,0
09b39670,0
70dc89c7,0
600b833a,0
b84614ba,1
1a404af4,1
a84191f5,0
d7694881,0
cf2e31ef,1
045e0301,1
c28bf2a3,1
290c4255,0
6f9be611,0
23c85598,1
e73a0b64,1
73bff4c8,1
17d78b17,1
0dab6859,0
a9c47296,1
a02a0c24,0
5c1833f0,0
b9dc0dd9,0
fa6f179f,1
f1f4d5f7,0
0dbb5ce3,0
213f36cc,1
a58ae551,1
47404a83,0
93e9c6e7,1
65465cac,1
44130f6f,0
696c3f06,0
eab84f54,0
bfa51660,0
9145ae1d,1
033563da,0
1f86b049,1
c1bc8b72,1
e976468d,1
2cd6560d,0
4aaafbdd,1
184ee499,0
5608b7ed,0
87060b21,1
0638a302,0
acac425f,1
c7bcbb39,1
b64a32f8,1
aad0db4b,1
d6a79a46,0
5eb7f30d,0
7669f44a,1
5d3b6537,1
c206cd42,0
54582875,0
931ab287,0
55e17f13,0
e5482f0f,1
f83e464e,1
44bc8d8b,0
47a4f6e2,1
1581ef75,0
92638212,0
d55d9a69,0
9714aa6b,1
7c29aba1,1
fcb34f24,1
9f3f14a1,0
4215a588,0
61c4127d,0
6008bab6,0
6775ef72,1
00ea8a75,0
7c4f9e32,0
5fb8c8d2,1
28446813,0
758048ef,0
93f6d2ab,1
23e5497a,1
ef9a71a9,0
fc2d86ba,1
d400ff85,0
502d1d89,1
6a61e612,0
42b5550e,1
09e15b19,0
d38a5f74,0
23167ddc,0
72555c71,0
1e12133b,1
f015a642,1
a2bd8bf6,1
d28773c4,1
78e461b7,0
75e56975,1
98da52a5,0
f14489d3,0
739d43dc,0
ec8a3c86,0
6014a73c,1
37a7e4a9,0
87975006,1
310dde61,0
d387cce3,0
630bb175,1
3832d2ab,1
0ddd50e2,1
a2ff8bb8,1
731c7026,1
89d3d623,0
09ced65e,1
66104b94,1
7e602609,0
552d4e06,0
e7e4e57d,1
e4b9a3ec,1
64e50614,1
1a1d1fc0,0
cbd26443,1
be28106f,1
791140e4,0
2041926f,0
f7ae160d,0
bb07139a,0
9ed81e75,0
ccaa596f,1
970974e2,1
9ef3b707,0
6e5f53cb,0
b8522e65,0
c6fb5991,0
1ba97005,1
cc8e3c84,1
1c9bfb6f,0
92f9ed8d,1
b4c0cbce,0
66e86b1e,1
e5cd7b59,1
df5574df,0
007f2674,0
3decb3de,1
45941059,0
6fe678c0,0
583d34dc,0
39d34dcf,0
59ca7cdf,1
fb064dc5,1
4692feb1,1
8e927c71,1
ee9d79a4,0
54b79e80,0
42127ae7,0
f57e235a,1
83267602,1
eaacea97,1
a66178ad,0
934eef41,0
0fff75b6,0
9c9e97cd,1
fb18bff8,1
595e3e9a,0
582d110f,0
e668d3bf,0
cc0fff20,0
228e06af,1
4fe1f2c0,1
b79dd0f6,1
6b048ce1,0
de8225eb,0
d5c4f6af,1
94662093,1
c19ef1d0,1
044744be,1
a07f9618,0
32f714c1,0
1d6c1994,1
50d01708,0
d6519f5e,0
e5c81574,0
e1e09787,0
93995824,0
716cd7a2,0
54b86b9f,1
ea20f3ea,1
49540c9d,1
7ffcf04c,1
13b75f79,0
1d6660ca,0
d123210f,1
9331f348,0
1f324417,1
3c711f89,1
0610c7d3,0
f7962df0,0
c865dae4,1
819d802b,1
6c407762,1
989a3b42,0
93752b75,0
a0bd0896,0
8a9ac3b6,1
421fec5c,0
3dc5d1e5,1
62e22274,0
aa047b34,0
52b952e3,0
3515cd19,0
462568a4,0
42e550d6,0
45aaa791,1
cce822aa,1
b588b2bd,0
a3551ae5,1
f7a1605f,0
1cd16f01,1
83933631,1
f9f67788,1
79df15cf,0
811b0687,0
90950ee9,1
5b88bc8c,0
07abe014,1
4f58125d,1
75e01385,0
aac9ab20,0
478a3fc6,1
1d5d12dd,0
62095a81,1
28a188ba,0
0a1a34e3,1
f360fe4f,0
c36e4a52,1
ad030fbb,0
3d9af76a,1
c0c97fb6,1
c02b874f,1
ebf08bb3,0
d45486a1,1
c2b04bf6,0
d6a47d87,1
cf20b68a,0
e40a1a4f,1
a6b7c319,1
b345f857,1
a78c0209,0
2a748703,1
0ae3184a,1
4bde2e75,1
ed5ce3f4,0
00a7785e,0
efb12dc0,0
e6582b1f,1
8741c70e,1
34bba115,0
a4280e2f,1
a5cc7dcf,0
9ad5bb7e,0
bfc9e0f8,0
26ccc1a7,0
20e84756,1
9deb782c,0
9af3d1e4,0
649afcb1,0
a1115caf,0
732b0747,0
1c4b8aca,1
db7d1f06,1
914697e8,1
06c4b215,1
3836e020,1
51251d49,1
3a286126,1
70e6c7b6,1
352cd09a,0
1f77e7b6,1
b0d578c7,1
9ed061ec,1
c8557265,0
e9aa6b65,0
30408142,1
056afa41,0
cc87e475,0
fd3df0f2,1
b9522483,0
673faffa,1
c66e3997,0
c743cbf2,1
69d6bf96,1
4a592260,1
7dd2a894,1
f228023a,0
7e620b27,1
7751df13,1
01831a17,0
019682c4,1
e36dce5d,0
aacddb59,0
d7ebe19a,0
1f995b99,0
95c854d2,1
a5a91e22,0
1a1fa53b,1
838e93ad,1
ab090afe,0
115b7f68,1
c7157849,1
44fa2730,0
293c038c,1
fd77a141,0
d8825913,0
158b6ea0,0
4130dd96,0
e02bf1b6,1
a924eedf,1
0910a436,1
66508ace,0
8a31e3fd,1
b9d59023,0
4321a6a3,0
20e228b0,1
2efe9c5b,0
037af83c,1
fd43c5fe,0
a4601263,1
98eab506,0
b81b821e,1
198776f3,1
496ef97e,0
a8f5ce4b,0
ebe1a364,0
9b66e49c,1
1c0ac400,1
26fad476,1
8600f68f,1
5eafe749,0
db045bd4,1
9de51426,1
a2736583,0
95057929,0
90d7909b,0
8c936379,0
f28b1414,1
90c8c62c,0
ffc0c534,0
6e03acec,1
c1aa160c,0
4ba09470,0
03e09be4,0
ad8f706d,1
5c8be62c,0
7c28d058,1
49203bc3,1
89036d31,1
74192654,0
af502a0c,1
c0ece001,1
af70b547,1
6f59af69,1
9f14b72d,0
2a258d0e,0
490726c3,0
05c2d539,0
97edff06,1
cd2eb505,0
c42f8945,0
3d29e3d1,0
fb80f973,0
13c2341a,0
e48040d4,0
982b9c13,1
9e8ba9c4,1
d9bfdad9,0
6e8f2a4f,1
655b9f86,0
8f6da29f,1
bd3b6c59,0
1a2353b7,0
aa4c8ced,1
ed4daef2,0
5b83c126,1
27519027,1
34455ef1,1
f0fe4fe7,1
430f6037,0
6f3a1c86,0
e081a0e9,1
8d006e54,1
86c5dd3a,0
5033b863,1
49f734ff,1
4cd4a7c1,0
d763a221,1
0ba2b541,1
5a89d195,0
0d72784f,1
b25583b9,1
e990f208,0
5a786df0,1
c231c02a,1
28ff5809,0
23f37966,1
bce5d9c5,0
4ad54923,0
9a8d5db6,0
3233bb55,1
3ff52466,0
3b29b4e1,1
dae0f1b2,1
adb46b4c,0
8f3a61a8,1
9a693b7e,0
ef65785d,0
ab6f587d,0
a2ab6f34,0
2069e853,1
3119f864,1
d6176b97,1
e3cde647,0
38495990,0
52d5be10,0
355840e0,0
39be1ea2,1
13e2b076,1
62f7f6f9,1
c518952e,1
a3520fc6,0
716a0657,0
99da1717,1
c33bfadd,1
3b508e98,0
ae48e9af,0
dfee3a58,0
572fb6f0,1
a8c97976,0
de1d3178,1
30520635,0
0fcefa7a,0
233e518e,1
1c007904,1
4de55409,1
7c565d9d,0
679c2975,1
8da2b1d7,1
534b0ccd,1
5f5c8f3d,1
6ed38dc2,0
07d4d107,1
caf2ff53,0
d50fd2af,1
ce21d8da,1
5fd33bf4,1
b1d8e4c2,0
d4a816e9,1
7c5f375e,1
da67aac5,1
5f60914d,1
384208e4,0
f9ea7fb0,1
fa9657cd,1
ba823019,0
3769e458,1
836f5645,1
744034a9,1
72285631,0
2f848469,0
31026afd,1
9f42f958,0
f82482e7,1
1258398e,0
fbaaad38,0
225ce46e,0
81a85c3d,0
55655407,0
21dda64f,0
6e68dba2,0
91b2e802,1
8b5ec4a5,0
6a00d88e,0
a9417144,1
49d7dc48,0
f74043e3,0
b91da37d,1
92e67c8e,1
634ecbff,1
70d875c4,1
13338fb2,0
f50e559a,0
b2229f0e,1
10415157,1
1d0b04a8,0
be9b672e,1
85358d85,0
b4afc535,1
7e665a77,0
9cbc9b0e,0
0533045e,1
5d4c0773,1
c8025e97,1
99289ef1,1
4f79a31e,0
e30d3208,1
70d8d079,0
0f63d1bc,1
e5a8d91d,1
1827c69d,1
37458af3,1
e72559d2,1
2d609eb2,0
79cbeb58,0
d610dc94,1
85da8505,0
9ccdd6df,1
8481f33b,1
a8d3b0a2,0
8113d742,0
83f49951,1
bcc2e4ac,1
2da96a23,1
8793602b,1
5fa588d3,0
b36fca7b,0
5251d50b,0
1fc7979d,1
ec58cfe4,0
a7e3b280,0
fc0cfae4,0
0e52369c,0
e9725dc8,1
858a79e4,0
412afaef,0
101c8a90,0
48f00ace,0
5cc523c5,1
40f53ee1,0
43d80e32,1
b1924f31,1
044fa85a,1
d1d717b8,0
72c1428f,1
23a66f5a,1
0d783d37,1
8a1b8228,0
bd9432f5,0
2170dbe5,0
dc5e23bc,1
7a075dfd,1
062521ad,1
e5e48e1c,0
64b4d09c,0
f713f6e9,1
46bfb92d,0
a30cc006,1
19117c98,1
9d7a5a80,0
d66dd0ee,0
386e89d8,0
8ed3d21f,0
bdf4f899,1
18033389,0
8806bd51,1
2c0cb41e,0
7edd31e0,0
70103acc,1
fbc5f630,1
e8490515,0
433b5c98,1
5a36c0a6,1
98035c37,0
175456ef,1
f0688709,1
f287e32c,0
20f0642f,0
f625ec1d,1
1fbb2f26,0
22f972e1,1
bc078f5f,0
57e5078e,1
e7626295,1
c01dab9b,1
50f11a5e,0
4432cfa3,0
7bcc615a,1
c7d069cc,0
36762e8c,1
f1a720ac,0
c8cb947e,1
ae59cd7e,1
c49b12da,1
365a8b62,1
ae3c89c9,0
95fb9a83,1
e73db84a,0
0bd95838,0
d3787021,0
c8208790,0
938ec8f4,0
c66425f4,1
47487bfa,0
018a16f2,1
3c0d93d0,1
55f522d0,1
d285078a,0
d84c5f84,1
e343f789,1
4f1c391c,1
3a6e6d81,1
c3e0ea7a,1
3afa8c86,0
05c5c331,0
fac68a3b,1
cef6c991,1
528b9346,0
3af7b6dc,0
f24d2ae1,1
d8ee9c28,0
1b0eb3b8,1
1bb685cc,1
6bcd0334,1
ab679dfe,1
23552d88,0
aaa4dd6f,0
db340950,1
a6f8f78e,0
9cf40394,0
01d05237,1
deb417bb,1
6be71379,0
0b8cd59d,1
3349978d,0
e316f0bb,0
a0e96cf3,1
c2683650,0
6bc07aeb,0
ff3b05c4,0
c27ff7e7,0
89023627,1
2df77a92,0
1ca5e28d,0
ee1e9694,1
2729479b,0
0d5baa60,0
e5f49719,1
135e5c6a,1
9b8b99de,1
bf51862d,1
b2bfd6c9,0
9f53f7c4,0
8039ec98,1
1d1fb70f,1
a9196da7,1
d0ba8246,1
05fd20e1,1
67e2fd85,0
711046cd,1
ea40ab64,1
ffc145fd,1
2bfe990e,0
20430a4d,0
eedc46bd,1
4c6e4054,1
6c549871,1
ed23d58e,1
34f005a9,1
28ecc204,1
8c82073a,1
ec46fa40,0
70314bcb,1
bfe52ab4,0
b174129d,1
db62ddf9,0
b614b115,0
e2e0d938,0
dfd97cbc,0
c2255dbf,0
988bfa87,1
96e6a005,1
a800d9d2,0
d8120cd1,1
882aa9a9,0
cee9cf6d,1
d274b49e,1
7f624f85,1
89eed99c,1
052f2299,1
5bbad483,0
92e6917a,0
4976ddd7,0
479ac0ae,1
5b1f87f6,1
8ffa45b8,0
d7d3e50a,1
c3699eca,0
d2fa72bf,1
221d1d9b,1
9a79061e,1
c4f76749,1
70013917,0
eabf8174,0
79c248ae,0
f06b29da,1
0e3bdf3e,1
57dd0856,0
8cecab52,0
3cb73aa7,1
380617b9,1
e44df907,1
7f367310,0
bf53d604,1
39ca050c,1
cddd664d,1
8364811f,1
acd4de98,0
9bb3d59d,0
a21f58fb,0
20c34cbe,1
4344d71f,0
609ea2cb,0
ecfd760d,1
a2371be3,0
a2378ea4,1
e81d5cc7,0
3bfb8f36,1
0a60f042,0
fd79d32a,0
3bddddc2,0
f6136439,1
0e8cd8d7,0
fac5de7d,0
ec220400,0
a5aed1a4,1
fcfb989d,1
b8c640ee,0
8d5ac3c7,0
a7a6d2ff,0
e2d5ca9c,0
445644a5,1
3c80d5e8,1
b2efe3c6,0
67a5d130,0
d79118e0,0
95eb3548,0
62005d9c,0
52611106,1
da745350,0
951ec41b,0
d44a5b84,1
d200a9ed,1
3d1b7b02,0
200e6896,0
bdbf8971,1
c165ee08,1
fc4f1f0d,0
6ddb3c14,0
f69b8a64,1
a1e19a4e,1
eefa2ecf,0
f6a59864,1
fdefb54e,0
9aca390e,0
0f89f9d2,0
ca8b3263,0
71f58492,0
f0accc6b,1
e884605b,1
e57c5537,1
dfab655e,0
467ac76e,0
155ed100,1
8a9eb0d7,0
2c34ce04,0
13b4c362,1
1090fca1,1
a9f9dfa3,1
088e5c63,0
cb008965,1
32c75683,1
51eeae7e,1
d9e53695,0
8eea04a2,1
40c407ab,1
360e5a68,1
b8e52e1e,1
da557bf1,0
d8c994dd,0
6f5ac3c2,0
323e5bf7,1
3a1895d1,0
c1acb4da,1
462246fd,1
699b4e07,1
50771fa9,1
22d67ed7,1
6aa8720f,1
079ccec2,0
31a393e8,0
72a3835f,0
1f921af3,0
31d27365,0
28d722e6,1
daed114b,0
9bc91555,0
b15f1319,0
da1a5265,1
68edeb5e,0
aaea49f5,0
13a4a616,0
d18c79d0,0
00cb229b,0
9ddbc937,0
b9a8c266,0
cbf87679,0
7afc4353,0
c8778cf1,1
6f195a84,1
0659d359,1
6b1ee4fc,0
d3bb1a72,0
30867aa3,1
e364f1f1,1
1519018a,0
bf768e28,0
66a5a0c1,0
3048d56e,0
413b9288,1
f56029c8,1
cf551bd9,1
8825079d,1
23e37162,0
a2f25d37,1
31544b3e,1
ae71811b,0
200e978e,1
94db1284,1
ccf18767,1
eef1c706,0
5f117d9c,0
edc72348,1
0c20e6b5,0
e84c3be2,0
ea715674,0
df5e157e,1
c973f47b,0
89310995,1
f223bd6e,0
bbc6578e,1
685b1b65,0
0f805d56,1
281288e1,1
38678f2b,0
d4d7e1b4,1
2c376020,1
bfe5c4af,1
aec5f3ae,0
1ef34cf9,0
4f5cf627,1
2bb52f71,0
2c6fd876,0
4a348ed8,1
58e97ce6,0
2b38602e,1
cf4db7df,0
598c9917,1
35104370,0
f2205162,0
2500d595,1
6e73d4d5,1
bde5477b,1
c35ff3b8,0
f0aa7275,1
bdf1ec84,1
b9dacd45,1
790bbd22,1
de1a6a64,0
5025a550,1
91ac90a4,0
83d469a5,1
524dbdc2,1
87e8117a,0
e422d466,0
d7434a6d,0
f6040ca2,1
e5612f39,1
381cd38f,1
00e14860,0
5103d921,0
b37bdb39,0
7022d988,1
0e6fe651,1
3da868c3,1
c7fbb0e2,1
6be09920,1
aa0e4516,0
0b0800af,1
8524fac5,0
56c04451,0
2b59dfdf,1
74cda7c6,0
7840a7e7,0
88bbc594,1
28e61524,1
9f151262,1
9a5b25b9,1
1408bab5,0
2fefc652,1
ac5ebdaf,0
baa2ebec,0
6ce56c29,1
c58d3766,1
f416a140,0
db54ea2d,1
9816d2f5,0
7bed2d0d,0
a9333007,0
660a3470,0
06dc5818,0
11e254a3,0
b312fbea,0
4981fa4b,0
0c1e3930,0
e301226c,1
9ad03022,1
391daf73,1
f12601fb,1
7ea1c234,0
9adc6316,1
482d2fa1,1
88886776,1
8f445669,1
d98f5095,0
37e0f60f,1
de99134b,0
0bb2953d,1
a242f63d,0
d994e154,1
9022c34b,0
e415892f,1
59fd0726,1
6b9d6adf,0
c50dc907,1
00298665,1
a3f44b55,1
16fcc326,0
3abf4be6,0
1e1c8795,1
b0103679,0
a448dd53,0
d0b2eceb,0
32111b0d,1
0541d548,1
83a53b57,0
d248e48b,1
7dc11418,0
94f8a007,1
fc1a96c9,1
8fadcad3,0
61945301,0
57b59a0d,1
f38a77ea,0
edca80a4,0
851a7a97,0
48781788,1
b9d2cb09,1
50f53e4f,0
12b6893d,0
71772a98,1
6cc9d9ee,0
2a09bf6b,0
56c02f14,1
0709ce30,1
4589a5ab,1
4fe59286,1
20639991,0
ca8a5cfa,0
1157a7a5,1
0d617aa6,0
b3bfb94b,0
8b11c6c4,1
468f82a6,1
73e274e6,1
e96298b6,1
c90a9771,0
5cea8f11,1
169c018d,0
34343c87,1
c336b8a2,0
1497b16a,1
c7ffa57b,0
fc287079,0
4112bdc7,1
0ce1928b,0
0468d2c7,0
dabbbe06,1
7fdfc027,0
9a57d532,1
7e3a41ca,1
7fcae2be,0
6cf142e6,0
44dace15,0
3c212765,0
72d1b46f,1
1b7f7386,0
3851f0d4,1
466c9dc9,1
d001312b,1
00575ac9,0
6f6752be,0
3826a531,0
1c54a958,0
a8280a4d,0
8fb964ac,1
902154d0,0
34a3c726,0
20cff22d,0
157ee6f9,0
9361a005,1
65c7b5a1,1
3bc3a4a2,0
062a6c7b,0
71c62bbb,0
a8712c78,0
46c9d9d9,1
a227c0cd,0
feafdf80,1
cfbe1556,1
5c5b57ef,1
4e40da2a,1
5280270b,1
eb6389bf,1
6aefce54,0
03af3a03,1
ccaa0905,1
8eb46f2e,0
b0b014d9,1
c74fd266,1
11c83b83,0
cb6a7c9f,1
1dcf7bb3,1
3ce5d343,1
23af949b,0
24fd6752,0
6e9418a6,0
80fba3a8,1
38585ef6,1
fda14111,1
47d44ead,0
aac725d2,0
b7e81dc8,1
ec282e77,0
52749ed7,1
34785412,0
94c23a14,1
5411dc34,1
c0c63c29,0
5a948ae4,0
f46f6a3e,1
344492a7,1
239dc12c,1
1f73326f,1
4864d8a7,0
3181c067,0
278e6327,0
9bc41669,1
c59e28aa,1
93594ed1,0
8b0a4b67,1
0d663502,1
4a4279e2,1
d43d5022,1
bdb374c5,0
0d189852,1
6883acad,0
ba4b2c55,1
92ee0aa3,0
5ac03cde,1
f80dc520,0
fea25e07,0
dd7b3fdb,0
f58eea3c,1
65cf8ad6,1
4a4cf720,0
84a0b5fb,1
305b0f9b,1
21dc0d0c,0
56198049,0
d2641727,1
bc31e1cf,1
a0210dbf,1
8795cd2a,0
fd34e957,0
4c3dea9b,0
2df920a4,1
04128f28,0
ed28f8ae,1
de00cff2,1
f2ea4016,1
05678440,1
4941515e,1
e6602e38,0
568d436e,1
a7c39db1,0
8c97cfbb,1
dc7a910c,1
5c0236e6,0
be92879c,1
113f21e1,1
96ce7292,0
a41740cc,0
c78916c4,0
cab35203,0
2bd2b088,1
7ebdf1af,0
979e97e9,1
18e5481c,0
ddfb9a64,0
d80509d9,0
9ac2c561,1
0b542184,0
ce0d90c5,0
e704317b,0
4bab7445,0
b5e54861,0
ddc2a8a3,1
ca707b0c,0
cc0a9e34,1
37067231,0
f680ca6d,1
c80f0760,0
ee4af65c,0
bb2189c4,1
3ebaa5b9,0
6c19311a,0
2a7ecb2a,0
a027cb45,0
12778c74,1
b78189c1,0
25d73e0c,0
2defd268,0
006cc052,0
d434d607,0
5cc2f0b4,1
4f8b7770,1
b022cb05,0
b9887f84,1
c9652eec,1
d11dfe5c,0
8623fbbb,1
0abcbf72,0
46bd5b74,1
3cc9c5c4,1
dce4ec29,1
80077b50,1
2fd35ad1,0
413d949d,1
a0ecfdd0,0
cba6def6,1
e6e58bb8,0
8eca984a,1
81fa51d4,0
f6e831d3,1
81cd503d,0
f53fe7bd,1
71fd22ec,0
b0ecf498,1
4f60e612,1
3458c134,0
db17f5a4,1
a9e944c6,0
a106d556,1
3308ad57,0
d1e6d07d,1
e6b30c21,1
ae3db659,1
d4ec0a39,0
a130f006,0
100b52e7,1
51309b69,1
27927b28,1
b64f0e83,0
22ba398a,0
0cac1c63,1
00df0a4b,0
8e905376,0
ce1406be,0
205636a8,0
93175c57,1
e0b6219a,1
d6afd420,0
c63f9d38,1
4c913733,0
0bdb1028,1
e31b90ad,0
44b6f080,0
b2337496,1
87357a41,1
d7f71827,1
dd4ccba1,0
6c977cd8,0
2d567be2,0
4b436d4e,1
70dd70dc,0
902707f8,1
11897311,0
52eb41c2,1
0a0479c6,1
4f843dcf,1
98834e2e,0
bca39b70,1
35ca5309,1
3933571f,1
84bf3acc,0
6e3d880b,0
70cded38,1
8e250188,1
36377e59,1
e31677e0,0
7c91e960,0
5da13f25,1
b7a2dd4c,1
29342e2b,1
11ca4fc9,0
cebfba1b,0
510b0fb9,0
3bac3d48,0
827344f8,0
fcd3c120,1
2cfe2f20,1
ebda2b69,0
9b52f33e,1
b1c5849e,1
60e703ae,0
97251206,1
ec809b2e,0
31db2fb1,0
7384fb2c,0
e56e88f5,1
7e5b6d27,0
bf1be3a5,1
d0eba6b6,0
9237545f,1
288d30d3,0
af4d3585,0
a5be174a,1
b9e6e7b6,0
fcc2cbe1,1
0973cba7,0
9b304b65,1
36dde41c,1
33d4e70d,1
969759cc,0
a71f91bc,1
f6e8a855,0
83273920,0
aa2a997f,0
db3d5cbc,1
a3f298f2,1
c9f170aa,0
84bfe2fa,0
23d797ce,0
0a56868b,1
40a6dace,1
fd98aeb3,0
de17dfbe,0
bfce1353,0
9cd3167a,0
4af9bbbf,0
9e31fd82,0
fd00aaf1,1
8c4aa5e6,0
e0e68e4a,1
54515c9b,1
d2b2a346,0
de099a7a,0
d5aaa64b,0
3838075f,0
414c0451,1
08ede257,1
784ecb5a,1
d3af1f38,1
7ea6e4ff,1
641897bb,0
cdf3b8f1,0
8c5d3895,0
2225679c,0
50925de2,1
3e6e5cdf,1
94b2807e,0
5bb7d5ae,0
befcf62e,0
f70c37f7,1
161a97f9,0
569a4f8b,1
4125b913,1
333388a7,1
c0a9f1d9,1
a7edd093,1
b0da09ca,0
8918a6bb,1
2e136d99,0
d9d16ad7,1
a2c7b584,0
92b10225,1
bb81f164,0
5b6c664e,0
4869922b,0
c8dc7311,0
e894d7b0,1
5954b338,1
c5269b27,0
b95ddeb9,1
166f141b,0
5260f65a,1
e20a42f9,0
964e2d17,1
913d61bb,0
fa070a93,0
b6a5c3c1,0
713632a7,0
6efa3c36,0
c1a8e1b3,1
afc399a9,0
21088b5f,1
008fc867,1
207a8e72,0
055d805f,0
b5cc5ce4,1
39f8db7c,1
765dd4ba,0
2539c5d5,0
0a6cb9bd,0
c786949d,1
90c0110a,0
ee403a9f,0
6a867817,1
6c1f6894,1
b77b2aa7,1
2d59ec54,0
790c0d30,1
4d8965ab,1
a0277a83,1
7101e596,0
9c8e8a32,1
026a8958,1
0acbecf3,0
dbfe4c68,1
b228c6a9,0
92762671,1
d0600e04,1
79f2796b,1
ee7ee558,1
06c549fd,1
982ce079,1
3a0763d3,0
9ea5b0aa,0
186fd0cb,1
f302db86,1
00d8729e,0
0ce9e3b3,0
408c2657,0
13ed5e31,0
8f66b08c,1
acd60eca,0
e4f69ea5,1
8551cdc3,0
44d66653,1
b73c0187,0
9d4cbeee,0
501b7efa,0
a1bb3379,1
f87a0377,1
554a0f3b,0
a58fe4a3,0
7efca041,1
4dae5a9e,0
95b9c2f0,1
6b8b524b,0
5277461e,0
56467e39,0
e8a9c4bb,1
f097d87a,0
cc001330,0
21babe58,0
3f19c3e7,1
a9b78ea0,1
0b0f6254,0
68aee56a,1
bce08420,0
73923315,1
1e62365e,0
c394aae2,0
1dbc02e2,1
f03c6039,0
976129d5,0
6f1377ea,1
9e94dd55,0
4d771644,0
f2e1d8e4,1
6ab15caf,1
3939ad03,0
b5ef5c29,0
67ebc1ed,1
d2d049bb,1
54a88ba9,0
a15c8ba9,0
0a55bd9f,1
9f2b3b4c,1
4b6e443e,1
b2cba06e,0
d5ad9c26,1
f44a9988,0
b9a8113a,0
1967734b,0
726860b5,1
404bb968,0
496a87fd,1
80a5393c,1
16c9155b,1
1d48888e,1
1df6e40c,1
cd77ef9d,0
ea453e65,1
578c48a4,1
c01ad9a7,0
48962bea,0
7254b08d,0
bf1da2a0,0
e0a3cf3d,1
4d86b1f0,0
9d41d5e6,1
89118835,0
7264b370,1
e23d6ca2,1
48df176d,0
bc199edf,1
58f23130,1
ce5c9bff,1
84b38019,0
b6bb3d19,0
708f5386,0
c3ed73da,1
de90e180,0
5ab87ed1,0
dce69649,1
fdd51046,0
ec5ef944,1
c41eea45,1
d056c787,1
f143b288,1
9abbcdd5,1
7e0c50e5,1
38166f29,1
89dd1cd4,0
d9e56367,0
3e0ddf68,1
5cc91568,1
ea1e800f,1
62d14445,0
17ed6c15,1
0c85ee59,0
6661e827,1
ace78fc8,0
5e64d5b7,1
0752dd96,1
963731f5,1
98152d7e,1
53afd2ab,0
3ba9a90d,0
e6890f71,1
d5280aea,0
4d9c0720,1
ffc38c5c,0
5f947cda,1
24b7a052,0
b69a9300,0
896b1a41,1
2ae67987,0
2676f45e,1
75e60ef6,1
17e498a6,0
c5246943,0
562765c9,1
9c53afd5,0
e8a50fc7,1
9e520c0d,0
db7050b2,0
a73cc0f3,0
3d75db5d,1
6ec16730,1
8bd4adf9,0
4919ecef,1
0f5858f3,1
97052bdc,0
c7185f47,0
6b8d6c0a,0
e1b3378c,0
01c2cbdb,0
fb30195f,1
9a90223f,0
a73ff5ea,0
c236a50b,0
8217527f,0
29a5380a,0
5af4bc3d,0
e53b21f2,0
4b6920ca,0
331499b0,1
16daf68d,1
65b92068,0
25fd0a03,0
8bb2421f,0
9cbebf8a,1
fe288f13,0
a312b3e7,0
bef0f01a,0
70cb19ad,1
57768650,0
a4e3809a,0
362e42e0,1
422b4bc9,0
1022950f,0
dec34bc5,0
894b6235,0
bcd72c59,1
630ef9c0,1
27ab9433,0
31f75a25,1
bae4c0c8,0
aceb501f,1
7529dfe5,0
97bce767,1
0462dd2d,1
3d79ec8d,1
c1be180c,0
45a39445,1
b0580646,1
4786a789,1
64abfbe9,1
6511d6da,1
37475809,1
af2c161b,1
c44877ac,0
34bdedd1,0
05c93ab9,1
a062ba99,0
810e9b11,1
428944b6,1
221a3fc0,0
291c6ec1,1
cc4187e5,0
703e0bd6,0
9128eca0,0
3c2c1915,1
d0942305,1
08964748,0
7481a6b9,0
b1346f73,1
9f570713,1
bf5701f7,0
0993ec3c,0
867a5ac7,0
e800642c,1
d5a32c5d,1
3ab1e6ec,1
3949ce4b,0
a3f8dba6,1
dafdf800,1
0d34b9e5,1
d54da335,1
891779f8,0
8d064791,1
8a509bb6,0
a70d0e2e,1
35cf5c91,0
c6b3d577,0
cd043602,1
ddda5b33,0
0db3e31d,1
2821c367,1
54b35699,1
f70fc373,0
4a456a99,1
f144d937,0
21f46d94,0
a9c03e32,1
b3eeb57c,1
8a328afb,1
92aa335b,1
5c0945b1,0
e48b1fdd,0
02280785,0
e61905cb,0
74a95ecc,1
ba6db973,0
8201ecbd,0
134a7100,0
c3154d19,0
9644fb64,1
c4359b50,1
7cc2199d,0
cc4517d9,1
84b282af,1
c401eb08,0
c200f277,1
405028d9,0
a9ca036e,1
dafe3d64,0
a0fd3995,0
78ee439d,1
ba66fc7f,1
b30f9b86,0
a0e290ec,0
90db308a,1
dc385ea0,1
1d84e690,0
2221f3a4,0
c43f3b3d,0
d9d06949,1
c44087f5,1
a094b61a,0
15fa9660,1
0c27763c,1
405cb3db,0
f26b5deb,0
140b4fbc,1
0bffd1da,1
1a61e975,0
0a0455a2,1
763dc001,0
a9323c30,0
dce3c5b9,0
dd8fb67b,0
69be502e,0
d3833164,1
eb97d0ea,1
be3a173e,1
6ffb9bd5,1
17526da8,1
f9660357,0
9a3f2333,1
4ac9b4a9,1
b12b35e3,0
aea4ed75,0
c5e9cc9a,0
3e3d163f,1
f1dd2087,1
e43df6c3,1
0e222899,1
54e5a488,1
2aa4f5f5,0
67c55d93,1
fac86a86,1
aff5b671,0
fdb7f323,1
06edc198,1
a52f0339,0
9c9de77a,1
02255479,0
c72feab7,1
2594cfef,0
6aaaffae,0
918e51ad,1
aeb1f6aa,0
52adc9fd,1
3d759f9b,1
cd745af3,0
ca914dec,0
3daf2f71,1
01ef2e09,1
d87d797b,1
5819cc1d,1
731f67fa,1
6621b8e5,1
a25a4e91,0
dea3aac4,0
a9298202,1
d3f1d17c,0
80b50abc,0
33888f48,1
3d9f6c8c,0
c7604492,1
c1383f4c,0
e368e648,0
93f12c00,0
71202d75,0
34b35bf3,0
614fc9e7,0
bfb7b2a8,1
3fd3fbdf,1
91425e35,0
a2a2062c,1
59ce8d37,1
70eb25e0,1
1eafc8fe,1
d334734a,1
a5087fd2,1
d9250967,1
d986cc53,1
da98269a,1
02fc273b,0
263ae06b,0
2309ec01,1
44e4061d,0
7c08f4cc,0
09ebc32b,1
de14c5f8,0
1d3bbbdc,0
0ea611cf,1
238e0fdd,1
1670f5ac,1
a5ea0972,0
d2853c3f,1
a024a417,1
a612de94,1
03e50f57,0
b3e87a4e,1
9eb8e6c6,0
581e3d4d,1
e4b8da01,0
5ad36e7d,0
b755a308,0
fa3c8f06,1
52fd277d,0
2ba764b2,0
d8e3e540,1
7318e3c3,0
b9f039b5,1
17b67bbf,1
b88d56be,0
162baf9d,0
2dc3bf83,1
73f2df15,0
ecd55656,1
adce7573,0
cf628fe0,1
f9ff0d08,0
c8e6c915,0
ec32a279,1
633c275c,1
6576e7b6,0
aedda74e,0
353fbd18,1
b5f39f35,1
afe77852,0
cac2a209,1
e0a3fa34,0
901ce75f,1
0f36267d,0
00403fbd,1
b9ba3ce5,0
be3bdb83,0
49da7d46,1
282bf7b3,1
2a5ba2da,1
24bf603c,1
11d52a92,0
1446a426,1
6a595564,1
eaba032c,0
d63e0dc9,1
d34ad3bc,1
852e3e23,0
137bed48,0
8b04d771,1
8376b0bb,0
fd7cf146,0
6b7f96eb,1
1fb6a651,0
f3441c89,0
00a73023,0
c910c773,1
e9624fb9,1
51a7b79e,0
1ca760dd,0
2aa88cb3,0
23fae70c,0
987c3be3,0
21e6574f,1
4fe268a5,1
aceffead,1
40cf85a2,0
d35a0fb3,1
9d9aa55a,0
b9980945,0
fd12eb02,1
7f771d20,0
b5943bf8,1
67f52152,0
b2e8c2aa,0
035fc604,1
9f772977,1
de203924,1
59e1d5e3,0
e16513a0,1
b9d56a92,1
cf3d9c37,0
4991f6cf,1
efaa022f,1
b07c9d70,0
924ac375,1
bdb324ba,0
0f2ce15c,1
ea60de10,0
ceff54bf,0
2a318832,0
009e0769,1
ae67d874,0
4845b518,0
06ca062f,1
6faf63fc,0
9fac8bbe,1
8836146a,0
c3d56973,0
9da4e569,0
baaeadd8,1
c9b64581,0
37b54977,0
b201541c,1
cb67f247,0
8741bc9a,1
adca0d87,1
7db337a6,1
b36bd65c,0
454c6031,0
6ff86999,0
2cd8bea4,0
6f3920a6,1
e49705a7,0
97cf11bd,1
2d0a8a26,1
61317c24,0
05a914c9,1
a040c612,0
dcc13097,1
5e130ee1,1
d429553b,0
d0492490,0
4aa34212,1
c5854fb5,0
b3b9fb4d,0
3cc79916,1
2cacf02b,1
dd236725,0
9b6239bf,0
5bcf0fc6,1
d6035293,0
a5b9aded,0
a3b336b2,1
d30e6ed5,1
84574153,1
30da583b,0
ff3534c3,1
af6c433c,1
00794932,1
7649bca3,0
eebb65e7,0
b925b185,1
f1f98176,0
82078f42,1
d45782e1,1
1248cfa9,0
28e01918,0
e4148b67,0
c948bde0,0
c461f9bb,1
61e4f63b,0
c96cc19d,0
86ea9ce6,0
1eb2e438,1
c9b585a4,1
208d7af9,0
045dc6a3,1
ea4a13d3,0
0414437b,0
11cf6caa,1
0a425a34,0
bf251b42,1
57ca549d,0
c1d4ab8e,0
f97b01e4,0
8e8e857b,1
ce95c30e,0
08897b56,0
64aa351f,0
c1df8687,1
035faec6,1
b7be99ed,1
af23210d,1
67cecf03,1
8a6e7b86,1
2fac263e,0
4288d495,1
3494c2fa,0
c10ffdb2,1
893cda5b,1
7ce2d4d3,1
6208d654,0
6ac59153,1
ce9523ce,0
ea68cb4b,0
8e7d6eac,1
12bc1868,1
c09a2505,0
4122ba43,1
50676532,0
d4a3ad78,1
06cd6a20,1
21385bf8,1
b082c059,0
b688858d,0
3993bbf2,0
eaf250f7,1
3521af3f,0
70c824bf,0
b95145fe,0
9c62186b,0
09ae927d,0
916f9f9f,1
2589cb97,0
8d43f1e6,0
fd5d21a0,0
d8b9814c,1
11b4e23b,1
f47816f2,1
e3adac20,1
2f19d8af,1
036dce03,1
2b70317d,0
7712e0d6,1
fbb762f8,0
fb40ff69,1
17d7babb,0
6868b48a,0
7a10cae3,1
bd776e58,0
fa5d8bb6,0
96bf7ae8,0
73f2bfea,0
398299c5,0
9c4cc1a5,1
34554a18,1
5e2d25b6,1
de233eff,1
62785a4a,0
be44688a,1
a6e47170,0
97b1fbb7,0
f6674cad,1
165f6b95,1
cc4269cb,1
11a16eac,0
2109c701,0
c29cfbdb,0
08effbb7,1
ebd8850a,0
fd4ab581,0
307cd386,0
d3cb4383,1
77548b62,1
2c814c40,0
612f2731,0
66e4e816,1
88fed06d,1
b529907e,0
351fbb66,1
a8cade97,1
4b9d0689,0
e2f2d029,0
4c52d76b,0
2ac1555f,1
5917b7b6,0
b6f73671,1
fa1ca6b5,0
e44c874c,0
efa9e764,0
13f45c3c,0
aea8ac8f,1
5307cf98,1
d86bd618,0
e29e4522,1
026599f8,1
efcdf837,1
5fa2a9b8,1
587e2e24,1
0e746fef,1
fa3d37b6,1
a2fe7b1a,0
4154a9dc,1
92e6985c,1
01fa19ae,1
242e2288,1
1096b05a,0
32b51158,0
7d26a8ad,0
3567a000,1
341bf541,0
aed3449b,1
fba3a843,1
4f57e124,0
6fafb9cf,1
1bfa5c49,0
c88b1a7c,1
a64d325b,1
2d6ca0b0,0
7be12833,0
7c1b77af,1
d9d66ef7,1
fdae8374,0
87f33ecb,1
ff158046,0
bf369c7d,0
eed50f22,1
6bd06479,1
94a1ba91,0
559c4247,0
f3d8c01d,1
2d1772de,1
c12ca0dc,0
0d91512f,0
c3bebbac,1
0142d1b0,1
3f6d9d92,0
07921f17,1
dbbf4f78,0
63326116,1
746620d6,0
35aec692,1
2b98f7ea,0
8db08917,0
4d459253,0
6d7d470d,0
9de4d6bb,1
c1738542,1
5cf0d841,1
04b23f4b,0
373bee61,1
b1149e10,1
2a7bb3b1,1
32553b25,0
c484a167,0
cb08b6c9,1
e67a90c7,1
f23fcb9f,1
ef43136a,1
3296a76b,1
cbefa57f,0
72cdb5f3,1
b5c519cd,0
c62ef2f4,0
80b3bc03,0
a248db61,0
09c6d17c,1
fc9fffdc,1
8c633d47,1
04d9ccc6,1
6b410c89,0
102fc91e,1
8956d65c,0
fa750a6a,1
3cf26c3f,1
42d93011,1
484c8855,0
0a4a1d3b,0
9eb927a0,1
59728bd2,0
7bc3cb1e,1
adc6c22d,1
3b19e31b,1
1fe0f503,0
409c450c,1
1ab876e8,1
c6d3e450,0
5e37cb1f,0
0c8f161b,1
2edb5c54,1
fab1341e,1
2e1d9854,1
fc5ccd04,1
dc2f6bb0,0
d66eb0f6,0
f463442d,0
e55607d8,0
259d4761,0
e53491ce,1
bb34b35f,0
c4b357b5,0
2a202a2d,1
779685eb,1
acf285d7,1
b7a7564a,0
cea47eab,1
8ed71f85,1
05728015,1
c3c0275f,1
fca493b6,0
8cd627a3,1
0eb3a82a,1
65ec7365,1
0a9cf188,1
0525e5d5,0
7cc5e9a4,1
7ac531b7,0
8a3931e3,1
6b66b022,1
dd2335f9,0
2faa5833,0
2c199871,0
3686f36e,0
a03bca62,0
05b4381b,0
ef861232,1
26b26045,0
1c195ea5,1
0ec1f1a2,1
051ecb5e,0
2964a41c,1
22181d5b,1
1b246108,0
95f2eba0,0
bc5db835,1
72e2fc08,0
088fa04b,0
47cd15bf,0
c9e782c1,1
52e08dee,0
ad548760,0
9496e890,0
7412e463,1
582f6140,1
3bb962c0,0
5c990cc3,1
fa06ee17,0
de205cfb,0
3153183e,0
9e344dd7,0
18571fba,0
ae1c6025,0
5a41f957,0
4cb7cf01,0
d4a29503,0
80635e9d,1
31aaf970,1
70d30c72,1
525518fa,0
8d2f20ec,1
76948054,1
63cf2578,0
470ec391,0
55429df7,1
4ff9259d,1
2e7aacac,0
c01b777c,1
b500cfda,0
5348bbcb,0
e0dd771f,1
fec30987,0
d1f276b2,0
0d12a5b5,1
e8584916,1
c0559d23,0
4dccb31e,0
5596ac1e,1
a4bc434a,0
0c75be81,0
9068fc1c,0
f61c3d0f,0
695d4472,1
617d2876,1
d5556950,1
506cc476,0
2726f459,1
23874845,0
2eb5f7f1,1
c0aab04d,0
2d5e9a14,0
bf0f6132,1
5be9d0d7,1
62d94f78,0
fe038d66,0
885fce63,1
9464643e,0
3029280d,1
e05fca22,1
5c6dd084,1
9fb68f55,0
9e3d7ae1,1
ffb8666b,0
d2fc7e85,0
53d9c4b0,0
5f0bffc0,1
9a133ee8,1
ffa45bf0,0
4e07f041,0
24aa03bd,0
2c700be9,1
065697d1,0
4000b060,0
46997074,1
b6dfd718,1
95aac0c4,0
7052b0f5,1
9386bc38,1
c0820489,0
cdc1e507,0
d338d323,1
7e9cbcdb,1
53e70996,0
74541fce,1
91642a3b,0
ee9ec11c,0
5db2801c,0
e237b0a5,1
6211090f,0
460d5460,1
042fcda1,1
88c76b38,0
ccbbe69f,1
866f7ed0,0
5aa3381d,1
ded3b05e,1
b7a9fe1f,1
8ccd50d1,1
578ff804,1
12d7f2e5,1
dc30a0c6,1
fc2af565,0
d3c74c28,0
15b5e4ea,1
0ac525e8,0
68e465e1,0
1fac3e09,0
7f768cde,1
ba3290c1,1
670a4e75,1
9bdca776,1
4a1afd72,1
c6abd04e,0
2717d0ce,1
8f718c91,0
605c9e02,1
9da4a75a,1
2b83f6c1,0
9ad7aece,1
dfc09c85,0
caf51e56,1
f918dc78,0
e75ae150,0
09d9635a,1
46ead17c,0
46965644,0
f0d00dd5,1
fda0b045,0
f49416a1,0
62e4f264,0
2ae044bf,1
4973d998,0
b4bd9121,0
02c09788,0
db2338e7,0
dfb58abc,0
3c77b8ca,0
a23e653a,0
fb7d080d,0
f55234ff,1
9c050970,1
2aab805c,1
c6a2b87f,1
5a4fb0bc,0
6e334786,0
8f6b28bb,0
57292b8e,0
30a389b8,1
4c5152e3,0
6ccfb547,1
17092079,0
8e880ee2,0
9e2979c7,0
f5c4abb2,0
9b6f2ea6,1
be502626,0
21511777,0
101d3356,0
2aed822a,0
6c8d0e29,0
c94321f0,0
a5375ba1,0
cce03382,1
b40febd2,1
785c3870,1
65cb8de0,0
709bd84d,1
e275a8c3,0
4cdceea0,0
1512cd69,0
8ea08737,0
6674f309,1
5343c9c7,1
4c850ced,0
9c89d606,0
0ecd4783,1
c38cd99b,0
d0fc1e3f,0
220592b4,1
23d87fef,0
b22fafee,1
10159f72,0
f2af37e3,0
59ac2b81,1
67c77aa7,0
b90d67c6,1
3e11d647,0
f03f14c0,0
31db9495,1
fa202193,0
db8dcb3c,1
5f8b0d6c,1
5e8317c9,0
0574a278,1
f67a07fe,0
d3aec72e,1
884db3a6,0
098e7a4e,1
639b345c,1
3b557bdf,0
e0c43d5b,1
e5d53baf,0
dbe6eec4,1
68cdf519,0
83b0f5a2,1
cee26e63,0
26149e79,0
05ad7f45,0
6662f1b7,1
6bd6bf9f,0
c4197e3c,1
03ab4e3c,1
8fa23615,1
90edf3b3,0
9e0b552d,0
0b70bc9d,1
97d55afa,0
c510ef05,1
f6f4fb43,0
acce2684,1
69e2b955,0
a823b7e4,0
a72e1b8a,1
2b5c07c0,1
9cde874b,1
4ec77024,1
269a8a3b,0
2e8d95dc,0
40c12448,1
23149a48,0
31cc0ef9,1
ba64e49c,1
40cff99a,1
5f0ac07a,0
9fbd5876,0
96812375,0
ee838fe3,0
cab4b98e,1
e0ec45aa,0
ab805b95,0
eb47baad,0
5de09ca6,1
68c4600d,1
edbc52da,0
0016359b,0
1393dd93,1
f2cb929e,1
3c356cc8,1
86eefd44,1
3d978b4f,0
5c91c44a,0
ba433446,1
c3e66334,1
65dcde0a,1
6a3d7e02,0
cde2b9f5,1
317de1e1,0
56eaa6a7,1
64cca309,0
d9b424a0,1
f93d204d,1
0b690708,1
782ba7b8,0
658670d3,0
006ac170,1
c1ddfc80,0
87f8e12c,1
1a30f504,1
f4f7c3ff,0
66305c5a,0
3fbd6c6d,1
57aa76cb,0
e25212dd,0
49a6b86f,1
eb825e9f,1
e53651e8,0
f30ced80,1
aba1c214,0
45cb449e,0
b5aec51b,0
b28b0025,1
523bedd4,1
5133ac61,1
167fedce,1
0a8ea7d5,0
02046547,0
456fdfb3,1
6dbfc3cc,0
3c3b2e37,1
3c520e90,0
49bc92cf,0
bb87968e,0
663b8c68,0
cce60f1b,1
8a69e371,1
813a28fd,1
b10c6436,0
973bd252,1
fd86e600,0
9bf4b9ef,1
927bed4a,0
4634da5d,0
b80f2b70,0
a589d05f,1
d2ba0917,1
24f2bf46,1
3a96ae50,1
d0f52aa5,1
69b602a5,0
e2ecbc4f,1
dea7f519,0
0e42297a,0
a6eff4e1,0
5e17061c,1
e86ba0b8,1
22907d44,0
e413edb7,1
d8c99b2c,1
01138f97,1
ffb8c4c8,0
f2ff97cd,0
1cacd149,0
cbfc6d6c,0
4a80f29f,0
288c8946,0
729a1852,0
3dfd157f,0
ade2b823,0
4523bf7f,0
7022e4d2,1
b7f0eb5a,0
5eb866c7,0
8b37e4b3,0
677f3c57,0
c3b0947e,1
db3944c3,0
394aa73c,1
7e788f8d,0
42719f47,0
044e117d,0
947fc92b,0
9630add1,0
89d8f6ce,1
a8cc69af,1
e41851bd,0
35d9e14d,1
eb0f0c85,1
78557a1f,1
5f676d6a,0
d56eebcf,1
15301af7,1
082b121d,0
cc830f7c,1
aca3d94e,1
748bd9bc,0
82c8a042,0
d6c8d5e8,1
3d8cda54,1
118024b7,0
ca0967a6,1
df493fc4,0
587f0690,0
53039be6,1
ce79f4b6,0
89ac3712,1
fbd23351,1
77b9c5ae,1
85198a40,0
4811f26d,1
9f8e2665,0
911ba813,1
d72bd6e0,0
4285fa61,0
4c8c82b3,1
581615bb,0
0491b6dc,1
125065a4,0
57561895,1
eccfb1f7,1
dd4aba22,0
e1e271ce,1
a3ca60eb,1
f81bd584,0
9e5952fb,1
0c81ba35,0
c3272f41,1
a1fb1cfe,0
977be103,1
f6d0e8cc,1
65b3e9d5,0
ca55f973,0
1df43176,1
34dade7e,1
6f1d93cd,0
a74d1101,0
ceb4ec05,1
17f273c1,0
5e5b9c6b,0
197e5d3c,1
eaef0c6d,1
907e2788,1
6b1f9f1f,1
85cccae8,0
3056b0df,1
843c98c7,1
8c59864f,1
4873aaf9,1
ff587ee4,0
d69926b3,0
4c685c95,0
62f68cf0,0
b9d30478,0
0748847a,1
c6156332,1
fabd399d,0
9f98231f,1
4e33b102,1
cc316ce5,1
6ddf1894,1
335f3348,1
d66bfa9c,0
a2b5af3d,0
6817465b,1
9b31dd13,0
e23febd0,1
903bc2a3,0
ae33ab4b,1
c1133f38,1
19e37e45,0
3ba0184d,0
fcb72aac,0
a9ff58df,0
015de29a,0
2bdaffb4,0
e4f1a648,1
48fdfaca,0
d0220b15,1
6047f558,0
1ccf0976,0
1147dcdd,1
7077f863,1
16ec3845,0
6ef08731,1
a14e37d6,1
a20cd205,0
e20e2f90,1
ae6a9572,0
5860e9a8,1
0e92f34f,0
f1687422,1
08c3287c,0
5e545bbb,0
9c251fd3,1
55a25f90,1
556f4c49,0
56412593,1
1b6fb772,0
667f89f4,1
53236a4f,0
73b81952,1
a834a542,1
aa3c3245,0
8f9103ff,1
2a8c77c1,1
79c27d05,1
e6d7a129,1
c3c460b9,0
d93cf634,0
9413f49c,0
17a2f49b,0
bbe2a8aa,0
10161fb3,0
dede098b,1
5fc5b52a,0
0f1b01cc,1
1575ae60,0
0524bf62,1
50f03077,1
a6a9592d,1
3749b037,0
ce5d561b,0
d7de6fdd,1
4a94c85c,1
f48fcd16,1
22e8b22b,1
8c93f2f3,1
f753008b,0
28d2b524,0
52621ebd,0
31f80bc8,1
260c3cf5,1
d3540baf,0
3d801504,0
47922fc1,1
1d0a70e1,0
02a16fc3,1
5d4150ba,1
fe3f4c00,1
d75bcf40,1
8e2db03b,0
a7f8a8dc,0
c48ac31f,0
00d2684b,0
c773a006,0
95806426,0
44b5c6ab,1
71d7e89f,1
30c0e8e7,1
b26aea4e,1
cb851f38,0
ce323b62,0
bdafe0ad,1
ae36fa7b,1
7e5b2643,0
a6a98e30,0
090557d8,1
fa1f8b9b,1
bee5898e,0
08565b8e,1
1a686316,0
bdbc8882,0
6b424a4d,1
c5b7ce03,0
ad685b10,0
84b33104,0
60c0c7f9,0
72a46be4,1
37971481,1
ad732204,0
8beaa9e5,1
a31bad23,1
427da875,0
e87bf2f7,1
b15250b9,0
552a6079,0
e39ceca8,1
98461757,0
461b6ee1,1
b7fa4478,1
cd6f2575,0
2817d70a,0
965690aa,0
f720e122,1
1a988906,1
7a0d12c4,1
9a53f8f6,0
4616d7cc,1
7e914a48,1
424b16cc,1
f9c198f3,0
db719be5,1
4e663a7b,1
51efb4fa,0
4a428afd,0
97d32388,0
0ebea498,1
5f8e2e5d,0
5078e0ef,0
48ff87a3,1
6b71375c,0
5ef3504b,0
2b099135,0
12b44fe2,0
9074ae4b,0
bbc6a259,1
07bb35ba,0
b4a03d38,0
5c75a08a,1
8620b200,1
1aa4a1f6,0
32622457,0
cbdbe4cb,0
b61cc273,0
d60ec875,1
916b42cb,1
28e4732c,0
38db6864,1
1166643b,0
eec4343a,1
c70c6291,1
432f45f8,1
9f82c8c0,0
0c3aa3af,0
f207171c,1
ada5a6ed,0
b8dd4de2,1
08436bc7,1
daaa02b0,0
42a20f9b,1
e0703c01,1
15a28301,0
8ae19bcb,0
93d869c6,0
e4f82ac0,1
1e90b649,0
45610898,0
c0c11777,1
829a8fb4,1
8c324919,1
ba9ff7c1,0
7572c907,1
7af74c0c,1
72684ceb,1
ba3cbd1e,0
b36a9529,1
d1aa3738,0
5106ac32,0
94f297c3,0
0c4f82f3,0
284c8e84,0
6f7c117f,0
387aa7ac,1
66638338,0
0c7a8a66,0
076e8740,0
2c5a46c6,1
c09a5024,0
9d2b6a80,1
5c76c288,1
6502486b,0
2266877f,0
5c56aaa5,0
c08f6f0d,1
18fc3978,0
10849a52,0
1d4a28ef,0
062449bc,1
d896fbd9,1
fafb6f18,0
afd8a13f,1
46855064,0
13382687,0
0155335f,1
e1ed4e41,0
7fb499a5,0
58fc9123,0
2817cb6a,1
ec5d3bde,0
75d6da4a,0
d02582be,0
17a66914,0
8bbb04fa,0
ad49f517,0
3e1c690e,1
c65b9039,0
3ea47c20,1
07c8a0e4,1
00d6b609,0
936e4d86,0
8050a27d,1
ac83cf28,1
24bcd467,1
60a1b169,1
8e5d83e7,0
a6ef49d2,1
fbed611e,1
92704402,1
fd2f6b11,0
9087212f,0
0e5c0725,1
722df6a5,1
d027c7bf,0
ac1e4183,1
eb9c07a4,1
bdc39a68,1
2d77db4d,1
957957ee,1
46ee3491,1
7e221489,1
60e595b5,0
672c6aa9,1
3445523a,1
2017a605,0
657f675a,0
286a54c8,1
1e690ac4,1
8fe296d2,0
9017be4d,0
0bb90222,1
e6763819,0
40d250bf,0
1034465b,0
8483b9e7,0
bd4de40b,1
e5a949ce,1
5197e1d1,0
9ccc945a,0
9095d05d,0
f570ebea,0
f7bf5fa5,1
870914f8,1
580a4141,1
b5b92a33,0
5b8caa68,1
5abc9a57,0
a2d25857,0
ed699be6,0
659bb3b1,1
6d4543d6,0
db274bd2,0
939cac0c,0
2d3307af,0
73fe5fcf,1
28926a99,0
c88574a1,1
3d624ca1,0
f790666e,1
79a7e7d9,1
97287ba5,0
0f279327,0
78d2cbdf,0
79b167b2,1
161a2801,1
cbeb302b,0
9facceff,1
0364ab87,0
4a7de8a6,1
a7bd5f40,0
8346a825,0
d37f451d,1
f12a7c9c,1
829cff16,0
0481acf1,0
6d54ab33,1
295e0390,0
6b7a720d,0
ec4c1753,0
8912d5ba,1
9014ad23,1
b775f3ef,0
10e199b0,1
fd09d8e6,0
3f578342,0
26c31411,1
ae055e1b,1
eadcd5a8,0
e818a55f,0
456585db,1
6b02e8d6,1
0aa6f7d9,1
18bdcad8,0
30e2f9b0,0
af94d690,1
a69afb88,0
6323bebb,1
7bbea56e,0
d9bcc42c,1
3a135b9e,1
e203c8c0,0
d2ea8727,0
d4906433,1
b09f2f79,1
275f6299,0
6779ebbf,0
f6acf4d1,0
1cc0b210,0
147623bb,1
e3915566,1
05671106,1
1cf326a6,1
83e31924,0
f3e394b3,0
a075ba07,0
e3b979d6,0
0be341e1,0
01d9792e,0
36ea2a68,0
8b30f582,1
c437a8a9,0
dfb75a15,1
1c5d02f4,1
02e4febf,1
220ce3af,0
af0e4307,0
91cff1a5,0
bfad4b63,0
a0dbd09e,1
1c80a6e4,1
a68e860a,0
6b5a8300,1
cc8c0dfc,1
8310119e,0
7edbdc5a,0
d6e91fb7,1
53f7bb0f,1
70e7ff28,0
2d7c0a4b,0
f8bb47b8,1
55a5be7e,0
d4693eea,1
cb9132e8,1
941b4edc,0
d1291a59,1
4013d336,0
551c1d44,0
cdfcdbfe,1
99c7b1c7,0
1142991d,0
7168e518,1
f9de8df5,0
b1e176bd,1
d5eebd3c,1
7ea15348,0
769edca2,0
f1e2963b,0
255d359d,1
12615474,0
9cf31a21,1
cc1ffcff,0
4b4e7578,0
fef9a80a,1
76965fd8,1
8f7f1d37,0
62da3c3d,1
c8ef0ef3,0
ffa51ef4,0
3d18f3c3,0
7dd1fe8e,1
a9411316,1
2198b816,1
a697394d,0
f4bc7072,1
5229df6e,1
5322a832,1
dba41aad,1
405e28c4,1
01a43dde,0
0049ee5b,0
91d0f9b9,1
a20a7c58,0
b0fb0929,0
8e9fa971,0
d6d150d2,0
dafa1c94,0
155dc0dd,1
b96451c6,1
1bf43d05,0
9cc1e974,1
021a9de0,0
c9aa203d,1
eae0c76f,0
bd8ae42f,0
2df78496,0
2d301cdb,0
28e8936a,0
a9377b84,0
3a6fea2f,1
762c1b26,1
c7f8521e,1
6e919020,0
4bf4b691,1
3dc16d47,1
321d35fe,1
1fc9f9a4,0
a10a7ec5,0
b473e5af,0
29594096,0
f4da1d18,0
de5b96b6,1
0bcaab9e,1
ab85204e,1
2e120292,0
d919dfe6,0
13f7cdb4,1
eed94ba0,1
28fa6a15,0
ee97dd68,1
368a1c21,0
403bd3cd,1
68a73be6,0
24d0a2db,1
6d181593,0
66017a5e,0
c90eb3bf,1
8d2d4c59,1
313cfa27,0
f5e4c560,1
2ac4b409,0
ca2a5159,0
98ee6258,0
c80570c2,1
28c362a8,1
8cd07fdf,1
991a372c,0
c7779481,1
569df071,0
d983606a,0
8d3501f1,1
df25219d,1
3f5cf318,0
609a8bc5,1
a3173e89,0
f84efae6,1
7cee4ead,1
b1d6e520,0
fd50b503,1
8c5cf7c5,0
45da6c3f,0
c020a311,1
73914efa,1
4bd921d3,1
2d2ca064,1
e6457d0f,1
9ff90a2d,1
8bc3e4cd,0
c2da24d9,1
9dbe71be,1
ab638a8a,0
a0618869,1
9a997df8,0
07b62cd2,0
57bdfd9c,0
0df523c4,0
cfde6d6a,0
cce7427d,1
7a91c0bb,0
d1d640a1,0
9072855c,1
e6a363cb,0
3f3db71e,1
49b8d860,0
e214330d,0
4a67f61c,1
a63f2cac,1
edbf3fe2,0
cb27c4b2,0
86fd92ae,0
986e18de,0
583731f8,1
f96d326d,0
bc73695e,0
53e732dd,0
8800a565,0
003e2533,0
f3fccdef,0
10bacc8b,0
90a89d29,0
bcf5fe53,1
432a8743,1
72957100,1
caa701d6,0
fcca9330,0
82342112,0
bfa8dd3d,0
6b66c167,1
d00c9eff,1
bc9c115d,1
cae064ec,1
4b76de1a,0
4960ff5e,0
c87600a6,1
d26df7a5,1
e748dfd9,1
a3b6bd01,1
db7efe12,0
0ce3a51d,0
cbf42d34,0
e2704a0a,1
46e3eb49,0
8363341d,0
5cd69a04,0
a794094c,0
59e97809,1
1849bcba,1
636d7fb4,0
33cec290,0
78f07bae,0
b1555c44,1
1506b316,0
e292180a,0
79ca7395,0
99b493ba,1
a8b08226,1
3c86a9bb,1
ee639cfc,0
e1c32180,0
2330f580,0
1b959efc,1
d102552c,0
99ed3f72,1
f60c9ce7,1
0aaa04eb,1
705963d2,1
7582bc84,0
b4117464,1
0ae81c9a,0
919679bc,1
401fdcb6,0
57d4ffaf,1
5fb231b8,1
1310c0cf,0
77e2a791,1
63eea904,0
2e29ffe6,0
ed1d7e6a,1
d1dae2ed,0
8921f261,1
85a77769,1
d5145f75,1
1c59ecd7,1
2157126f,0
851dde8d,0
e811e147,0
e5f217b4,0
40fb2148,1
4744baea,1
2926b3bf,1
87ee5fd4,0
0547a434,0
34decde0,1
a1b3bc5e,0
3a63a8fc,0
4928d5ab,1
8f916238,1
ace0274a,0
fcb9ae64,1
82477720,0
790348f1,0
75136846,0
a3bf717a,1
8a51b79c,1
e70ce8a8,0
c138e908,1
1e46e726,1
a0c0f52c,1
e31a8760,0
92426e02,0
d66fc59d,0
0f291219,1
a975dc8f,0
00b46048,0
e61ccf04,1
ad612bc1,0
ca518288,0
07a464f7,0
5b046cb3,1
c892c166,1
021598a3,1
db73e0a8,0
3239629b,0
8cc61b88,1
a36491c9,0
a06c0b0c,1
1e7ef635,0
55c575b4,0
92d79baf,0
3dfc6839,0
b1eb0715,0
0be8477c,1
55693a8c,1
7b870ef2,0
85e67043,1
2913c028,0
7341493c,0
e8023a50,1
46d2d1c6,1
a2deba83,0
799f2cb5,1
347996fb,0
eded4746,1
dfd58360,1
e7e810fb,0
4ff91d17,1
6e732dc2,0
0573521a,1
13a161a1,1
e7e86f30,1
27071fb2,0
b2405b20,1
0ed7f580,1
57c7332a,1
598bbf22,0
ebe793c2,1
da93fcd8,1
d9f9d1dd,0
5c2d63bc,1
a99e8b8a,0
3779d864,1
b9f880f8,1
9b42b3ed,1
7b284e06,1
7ae420f7,1
0d6b3c24,0
635e1044,0
d16df2a0,0
6cad9db9,1
04201f10,0
208db10b,1
4ac9a922,1
42516f28,0
8f25775b,0
74a83529,0
4e516407,1
1ee5d971,1
cfa157fb,0
50e8ff4a,1
986d3f9b,0
756c8e9c,0
0681c00c,0
ab9bbff0,0
4222bda4,0
ed2173d2,0
5c96e712,1
86a88b85,1
3a5512dd,1
5fb845bf,1
508efed6,1
a0f10571,1
a8d6c61f,1
d38f2b17,1
8e08d903,1
d4eb2a5f,0
ff44728e,1
b599a782,1
9fbdc1bb,0
a80d723a,0
6011d5da,0
41725dc9,1
96319d3f,1
3917a392,0
2dbe89f0,0
b1f13958,1
ac1d3bf3,1
15ae7b55,1
e6846355,0
0e06c710,1
6b90cfb7,0
53e52bc2,0
3d03b37b,0
2f40b221,0
1fef00c4,1
a8345a6c,1
d1d03c0e,0
49cbf55f,0
65c52a1a,1
c9eae32b,0
4bc8492e,1
859af54d,0
3ec44c7d,1
3d679c7a,0
80837d03,0
0a505c64,0
28be5cad,0
051e60a8,1
f72c6584,0
c09700c2,1
33a40925,0
905dce04,0
da3704db,1
fe898dad,1
39bfa690,1
dfdf55b8,1
022db205,0
3e3730ee,1
78f3ea76,0
1bcdf3e1,0
4a51e186,0
d934713d,1
d4ee8479,1
eb0a237c,0
c733e03f,0
57ac032b,0
3bf6f382,1
ca817d6d,0
1413717b,1
5331d114,1
1b467848,0
51f73fb0,1
4be3ca05,1
c8ba6fea,1
cedee74d,1
87cab6ba,0
b45daf33,1
bbc1f22a,0
9902e1bd,1
bb01c946,0
ac761e41,1
0f99f816,0
9f914539,0
7c81f6c1,1
700f6946,0
29b07597,1
a617f7b1,1
e819f03d,1
d3080ed2,1
1f2cb5df,1
355d166c,0
a1a8fa0e,1
54a833f4,0
2586bee3,0
a93bfaa6,1
9f9a57d8,1
3934fcdc,1
cd4062f8,0
4a553487,1
dd0e9da2,1
11dfc2da,0
5dc6e70f,0
cbc46316,0
a85c70e1,1
698263fa,1
38575da8,0
1760b866,1
ce6e768e,1
f27b709e,0
3381b65f,0
5aa94203,0
1785d6a7,1
06344bda,0
705ce5c5,1
f3af2726,1
e959b83f,0
06331603,1
92cf0048,1
bea04c70,0
c95001f4,1
0f117894,0
fc92a8f8,1
0ffa8cbe,0
8ef9ea28,1
d9078b9c,1
39021eb0,1
a4a87295,0
9c902fd6,1
773a3e88,1
55778ec6,1
86cba550,0
b5887876,0
fafdea2f,1
1b19196c,0
332fb736,0
f471fc7f,1
e63f021c,1
61a26ece,0
99d6ab9b,1
d51d0ef5,0
2f2b8275,0
79e00b3c,1
8be8b768,0
19857dba,1
11e38f95,1
5c3b46d5,0
421e3edc,1
c0003919,1
d71b8d6f,0
82f07dae,0
39eab804,1
e13a1f23,0
44d3a7b1,0
8f8a4800,1
144ab928,1
0097aa65,0
66ecf88e,0
a54a85a9,1
bc1a6579,0
3d9aca8c,0
3aa087b1,1
252954fd,1
6361c910,1
ebb5b537,0
768dc399,1
b6e7ffe1,1
67079d5f,1
ff039cb9,1
ed9e5f95,0
c5a3863d,0
8886fb72,0
b5779191,0
4f83f8d7,1
1371fc56,0
256018eb,1
72ef259b,1
387ce610,1
5b6d322a,0
68a71dfb,0
0f924f87,1
b2b30be8,1
e8d9e4c7,1
67d1b97f,0
8f404ee4,1
9e72db8c,0
796c74e1,0
6faf63eb,1
9874f811,0
01837b64,0
d3356be0,0
6baf7239,0
a08d2650,0
4700ae29,1
c9ca0e7a,1
15b35f22,0
1e1de291,0
f986d6f5,0
44e4a9d3,0
20097ce6,1
81152694,1
a62461fc,0
54bc8b48,1
6f604381,1
79e37cb5,1
e4c020ef,0
dc16a29e,1
96ece357,0
f9aba956,0
23ef75b7,0
aef3d941,0
d9d6eaec,1
312cd980,1
b98c31fe,0
d20195dc,1
0102fa31,1
9102ca68,0
4ea3e66d,0
2aaed16d,0
bd41550e,1
19701831,1
2f009cf8,0
170f94a2,1
094582a7,0
261e862d,0
796534a8,1
7b8a5e3b,0
ebfba5a4,0
772f630f,1
751906d8,1
2f923487,1
f5ddf614,0
fb044ea2,0
4664f8d2,0
2e07feeb,0
da433672,0
6bf3ce4d,1
d536389a,1
0383ecfb,1
0d4ba681,0
8fa53ef7,1
632be177,0
20439095,0
8ae1c82d,1
c26e9149,0
19ce2212,0
37a62c01,0
504b5d5c,0
09cb6cc8,1
59b6d299,0
3446be4b,0
e0d1c203,1
1ceaefab,0
28b27a6e,1
e17856b6,1
dbc75d85,1
04f09ce5,0
4f74af5f,0
a35953c2,0
942446ba,1
071752c3,1
15678fb4,1
a2431bca,1
42e760b1,1
e1cadf4b,1
73a9ae1d,0
6e955076,0
5584d521,1
8c59c41d,1
1170a577,1
b871463c,1
35dabb7d,0
d071daef,1
62bb32db,0
925341e2,0
3f2539ef,1
4040650c,1
d904cff4,0
d1c45646,1
de465f21,0
caba89bb,0
baa005e9,0
7ac0ab74,1
ed1b075b,0
9055ba42,0
0f245b74,1
b36f9c84,0
cd30abba,1
576eb672,0
3d41542b,1
7f4bf892,1
e5fd6fcd,0
969c0f15,1
0edf67f9,0
b359d49a,0
c8ae679f,1
b4bfb578,1
a7754d87,1
0d67b7ce,0
203b6ca7,1
2a168e8c,1
22ad0900,0
82b55ed5,1
3b274b32,0
7747cca5,0
0c7d38a4,0
d546c50c,1
34db673f,1
602bf50c,0
077ef0d3,0
b25235d1,1
20b71ed1,0
0b7a659c,1
651e2048,1
e9d2ab2a,1
92611274,0
57e6f49b,0
d79ac97b,0
8073912e,0
ceb9eb49,0
1abf130c,1
7c8e79fd,0
bb52f235,1
65602654,0
84067a81,0
0815c719,1
41a374df,1
2573153b,1
9cf8c71b,0
d5178cd3,0
63a3f073,0
62852529,1
2d6810ef,1
368f2297,0
065ef800,1
48fa1dbd,0
cd7dbc4f,0
c00ea16a,1
0e88887c,0
c63e2ec8,1
152247b1,1
18aed6e2,1
63446e99,0
1173844b,1
7837cf12,1
6e85637b,1
ec59d225,0
5c04b793,1
99f55ed8,1
00e39a1b,1
26413c4e,0
3df4288a,0
38dd96aa,0
9bf11401,1
fd0b5327,1
c14f4989,1
a03a90a9,1
d5bf508f,1
44c66cd3,0
a294aeee,0
a7ee6701,1
e55c666f,0
0524d160,1
2759313d,1
a6cdb7e2,1
c853c3a6,0
9c128dcd,1
42eac8d9,1
62c007f5,1
8471b637,1
93882682,0
c503eaae,1
ba710ee0,0
7039dd99,0
0669b8d9,0
de68c359,1
ab0815a9,1
6a3b8efc,1
e3190b90,1
73cad93a,1
0d7d4537,0
fc9843dc,0
263f5b99,1
5404135b,1
52f6acfe,1
5a9b200b,1
960485ff,1
d68f891d,0
c0da173f,0
40360ec5,0
a3c37d00,0
50abd919,1
6644274e,1
b1dc8b81,1
dcec9a10,0
20109b66,1
d3ab1373,0
aa908608,0
e3324b2a,1
2414721e,1
69396591,0
6eb06ea6,1
29ff00e7,0
d22296a8,0
fe2591b0,0
eef8cde3,0
2321d237,0
c90a9623,0
8d5b7609,0
0f625db2,0
cd78ca8d,0
b60e60ff,1
9df2d99f,1
f1ec52b9,1
c37df2d7,0
74018f36,1
b6ad95de,1
e134f768,0
4c57e3a8,1
1b3ada91,1
31714f23,0
a708034e,1
684a0636,0
2a974040,0
91714d4f,1
1e459c4d,1
3aed1a5e,1
30b0c117,1
cbf46a82,1
5a89483d,0
1ad47c94,1
dfb23526,0
831693be,1
cedeec7d,1
96715cc8,1
1e4bb6d8,0
8624e75d,1
aa4c5c81,0
17b2f904,1
8905a698,1
5316063b,0
d669f5e4,0
85f81ed6,1
586377aa,0
d434041d,1
3a35552d,1
6be52c29,0
c00edcc9,1
4a0032eb,0
a7302ddf,0
efa765b3,0
78fef42d,1
79e64e92,1
97616123,0
46f10f96,1
4afc3029,1
967ceb73,0
0e364ba6,0
4eb6b17c,0
7cd84287,1
df55d9a2,1
63c959bf,0
996fc8be,0
e8ebb800,0
3e077037,0
ed57b4f1,0
8f8f4b40,0
2198c86f,1
5cb6f408,0
d935105b,0
bdaa148f,1
8dbf2c96,1
1b863291,1
53cfa390,0
9d856ed8,1
c383442d,1
37efbd82,0
3a0d418d,0
83630d02,0
73aa0417,1
e647f82a,0
f4f79ad3,0
ccb121d0,0
65322721,0
c401fe46,0
56258e99,0
5a688bb3,0
95c0b6e3,1
1a211334,1
bd0893b7,0
e2ab1244,1
b0fe7e18,1
5ff2d9a7,0
a714f9b2,0
5eff8c11,1
4479001f,0
e68ede00,1
84852cdc,0
93780b58,0
da958534,1
60bd9c49,0
34276fb4,0
c3408334,0
283b6051,0
0bc21cb6,0
e2705fdd,0
486245f7,1
3858d176,0
2f80bf80,1
f0525c88,0
f68730ac,0
353b1d77,0
ae2b310d,1
5ad7e0b8,0
1531c56f,1
816b66be,1
8597f009,0
370ca007,1
454bcf2a,1
ed8113ae,0
1edc5d8d,0
e1e68a04,1
16824df3,0
a9be3b78,1
b0ef1f99,1
6b07f09a,0
b61d3fbb,0
8cdb6095,0
29a8dab0,0
f1f8e303,0
4587a34d,1
c5204ad5,1
90f1d238,1
a17b9b52,0
eb20f42e,0
e3feb889,1
15e86890,1
6cfb22f2,1
78754221,1
3d069ec0,1
b5f26bdd,1
0e024fdb,1
74761866,1
3f3146be,1
0ed63a4d,0
2e110478,1
e549e14f,0
d87eaa3d,1
6a49d9be,1
d63dfe33,0
ecfde577,0
1ee92071,1
f7660056,0
8601f6fa,1
979962ae,1
2b9c534a,1
56e1a442,1
69108347,1
0317b172,1
63067b25,1
51c97752,1
75c9a805,0
955483c0,1
493d34f2,0
7cdb3084,1
3f058b2a,1
3a7bbd99,0
3272879c,1
edfd2ac4,0
b24b6d92,0
8ae6ce03,1
ecaad076,1
8f93c499,1
e8a29848,0
733cf5c3,0
ca0da953,0
1070ef37,0
e2140b24,1
b91c1a4e,0
24fbd966,0
8481b363,0
5c6c4caa,1
eae7196c,1
7f1cdf2c,1
3a6b2a3c,0
e40efbfb,1
02044f3c,1
a50dad47,0
40c671aa,1
556351c3,1
fdde03a5,0
a6f717c9,0
0a6e68e5,1
c7c856d9,1
91bc9c27,1
a02a2693,1
e23eb468,0
74549288,1
f8d7f821,1
dd464dcc,1
ea360f81,1
faa1e4dc,1
faddd4fd,0
58d80e94,1
3f3c38e2,0
c5069531,1
0863245d,1
03ca0c81,0
c6ce03f2,1
ffc288ac,0
02214d91,0
b5b6f6cb,1
3cd19c99,0
12cf94c2,0
b16ff7ed,0
93df5fae,1
2e87b982,0
868ffb90,0
76f12814,1
f28b223b,1
0f7e033b,0
46c85c47,1
de2b0b44,1
68a8dccc,1
814578a8,0
e1bfd83d,1
fd89aa8c,1
ceec8c3a,0
67305453,1
cac1c251,0
9e88473d,0
fb1904f6,0
c49257a7,0
1da15e1c,0
9d1d379e,1
a7b34e72,0
ad360326,0
db0a27f0,1
a45446da,0
d9dada38,1
5c98334c,0
2e70dacc,1
17d0b04d,1
cfbebda8,1
29210ff1,1
f88cb061,1
3a24e863,0
585ba189,0
f6b07a80,1
770e77e8,0
658b5e23,0
9e6a8232,1
5d6ead39,1
29402fac,1
78cf4797,0
54a6a46b,1
a95afe1d,0
11da2f20,1
fadff075,1
a99f7f2e,1
7a5dca26,0
a732818f,0
50a77f24,1
9aa64238,0
6611a590,0
40bb5f90,1
90e61e63,0
eee9854a,1
290cddf2,0
0918b0ff,1
4b57ddf6,0
3759f7b9,0
2eb43873,1
3902a225,1
d7a317f6,0
6f45b16b,0
55d5d4f0,1
4fd259ca,0
2083da64,1
e2f5fa8e,1
c6917988,1
b80ada10,0
ca80567c,1
5bac1f69,1
3daf1ddf,1
25c5a8e8,1
b46da236,0
fdd005a2,1
602ee767,0
47af5c89,1
3298630d,1
f305041e,0
8534e37d,0
71b478ab,0
b149eda2,1
f538e8ae,1
f56bff3d,0
ea0a66ba,1
e18e3c44,1
f80b5ac3,0
745cec7b,0
c4975598,1
b443a8ad,1
52316ce1,0
99ce841d,1
d244ab3b,1
81969312,1
9d56bb9a,1
ed2b4c9c,1
e6a3d849,0
ec921ba9,0
026a761a,0
27cd9caa,1
fa77b34c,0
0c071410,0
7914df4f,1
37e99f0c,0
2f5298a3,0
4f6da6af,1
367d3dcc,0
8cd52ad4,1
6f4b3e09,0
067446b9,0
6a9a7f63,0
61ed3211,0
6b6131ef,0
e3c3e63c,1
706ec8bf,1
8c76c005,1
b85b0d6b,1
242efbcb,1
48f5c052,0
28bd32d3,1
a2779c3d,1
7ad0db5b,0
dae83571,1
9f535234,0
e39c62e7,1
f3763f08,1
ad5250bf,1
8a988273,1
761dd4db,0
829f9489,0
fbdab2fa,1
7733d8ad,1
45930115,1
4bbf1bd7,0
6d0ad034,0
69fb59b7,0
f388cc0f,0
7dc400c5,0
3fa39161,1
371d37d3,1
3ffccfe8,0
f4a935e4,1
278e2e02,0
3fefa471,1
99af2455,1
62427b5e,1
dfcff3fd,1
af870bd2,1
027a08a7,1
3b0601f5,0
24555d75,1
cc92d9fd,1
27c3c6dd,0
3fbc4b39,0
99cf5df5,0
0b6a955b,0
e0efdedf,0
3ba5e595,1
5134ca84,0
857b2104,0
0fc967ad,1
a89f3eeb,1
d3f56289,0
011adf76,1
1fa619af,0
6ca84f24,1
2faadc2b,0
050f11f9,1
2d35b8ab,1
67803f56,0
8c07e519,1
cdba59c5,1
0d004f92,1
e7ec7bdb,0
bc2305fb,0
0a972b3b,1
6936efd0,1
7d0bcfb6,0
5934198a,1
085b2c81,1
c9d4d701,1
970b369b,0
43763240,0
c5ca6dd5,0
acfa59df,1
a86ce186,0
bf3619f4,1
fc859441,1
6244d0bc,1
2f784819,1
75e9a366,0
d522561e,0
d8cc0078,1
0fb43fef,1
a748d074,0
7f464f12,0
faffebab,0
eefc0633,0
432d6677,1
2f0ac9ac,0
c5c366de,1
c5cb963e,0
6d7210e2,1
a50a834b,1
f330f59c,0
859179e4,0
1b12f2e8,0
b4effd94,1
31a9cf15,0
ef2d326a,1
0844a3d5,0
14367ae9,1
97c5c7e4,1
c4c7a492,1
9e68197a,1
c4c77840,1
349c2626,1
51b5aeac,1
09e58519,0
9f6b6b35,0
e8d9193d,0
6b8c2f66,1
f043dd89,0
13ac881a,0
1a970be4,1
76c46d51,0
e9b8bdec,1
f82eaa62,1
6d9d3784,1
4d90fbd0,0
982a1e97,1
9221c15d,1
d2dd1132,1
cd7b7c41,0
dd163631,0
5e18d856,0
6b065cd1,1
361f6dc8,1
fbd8ccd8,0
50395944,0
c5803769,0
c7e6d7e6,1
22883c98,0
3390a9a4,0
1247758f,1
2144d94c,0
19b0ff01,1
729cd6b8,0
94550cca,1
768bc778,1
63680a7c,0
73f79afd,0
32d48154,1
fc4309f5,0
571b034e,1
9cac6805,0
d5992a3e,0
970d5020,1
ee4dc24f,0
9f318c58,1
6adf6f51,0
b3edc11a,0
b052dd84,1
65ab2f44,0
9704c20b,0
090f42e3,0
13e87113,0
767b27a3,1
fd2221bf,0
29b6c5b3,1
05b65a91,0
63cd35a1,1
096bf065,0
467b6e28,0
95c0080a,1
09c63307,1
9b5f2caa,0
df01b020,1
d9768d01,1
98f5e5d2,0
f9f93192,0
87634bfd,1
e978de8f,1
3691c3a5,1
e240867f,0
65f51e79,0
4d2acd5a,1
a0bf14c7,0
746acb52,1
287790a0,0
8b061bc4,1
4a902e0b,0
303323ab,1
915f63a7,1
bb08f494,0
acf792fe,1
4da7708b,0
76fbbe00,1
055e5a6d,0
f1f280cf,1
f0ec3b9f,1
4adc19b7,1
e184e7e9,0
e0cfdafd,0
e0d04ba9,0
96bb9bc9,1
59ce966a,0
f6063be8,0
37ff36ae,1
6704eaa7,0
08e06037,1
cdd92a6a,1
50348fa2,0
56c7e144,1
10506446,1
49154c11,1
22e5547d,1
ef132e1b,1
ea7a4f4e,0
3ea087b2,1
77c42742,1
1adf00f5,1
2827c660,0
e3d0f3a1,0
72360ff5,1
4a4eb75f,0
71a35633,0
d69b760c,0
28ec324b,1
119393fb,1
09de2400,0
5c53a692,0
388ce1c6,0
4da01252,1
2747d2eb,0
0f8041a8,1
20a643bd,0
ba5a6820,1
b0248926,0
db91e7f9,1
983e430c,1
d4d531e1,1
17d1b085,1
461c58a6,0
edb8fbf1,1
0710820f,0
09b16b58,1
26e56dc0,1
0ba25b05,0
b9ed5873,1
fc2db63a,0
007f76dc,1
a837a4cc,1
641aca2d,1
f8388bc5,1
1147e707,1
94c2581a,1
ed2b4497,1
19c0f6f7,0
85b675d5,1
cba90415,1
e6435197,1
240d8397,0
f1fb1bad,0
a30b282a,1
ae2757cf,0
b7d850c8,0
21bdfb71,1
57a754f8,1
feb9939e,0
49000854,1
6152f53b,0
976a47de,0
434b19d9,1
34ac444c,1
803aeb4f,0
7857a0de,1
18f9d1c9,1
9b48182e,1
8db77e2a,0
d40c9dfe,0
27d0f368,1
3fcbfffd,0
c434d818,1
97b145d1,1
5ad283de,0
276f4939,1
dfde4d62,1
0d072d94,0
355a7e27,0
a16e812d,1
4bef3759,0
4471c138,0
ea0e0a9b,1
708fef73,1
5a218edb,0
4580850b,1
117e041f,0
f12c5371,1
d14f8173,0
58986dcf,0
3a73aa6e,0
648677b2,1
62c9cd29,1
24eac496,0
8b48b701,1
936aa494,0
344ba0e2,1
5441fc93,0
038929e0,1
4a4be126,0
7cb0a0ca,1
053ddd82,1
b5516803,0
0019b8d0,0
f6005d5c,1
9331e5c0,0
d1e2cc07,1
f0faf79b,0
3ecbda2f,0
d58a67d8,0
94905b67,0
682f82b2,1
63db6466,0
66240789,1
394ebbe1,0
f7942c7d,0
18b54b15,1
312010db,1
34789756,0
b4cdc1cd,1
0081b086,0
26328ad4,1
c5bbdf9b,1
0befa0b1,1
27197412,1
974a0935,0
5bc465eb,1
7dd62ce6,0
032b323d,1
8299bb39,0
6e47fad8,1
2aa0fffb,0
ea65a6f5,0
5807c25c,1
dc49a1e7,0
1c47f378,1
9331d6cf,1
0f0028c1,0
2f361981,1
f2dce2c6,0
f8d6b1f8,1
5c35a9b7,0
60c3699f,0
6999c7f0,0
18bf639b,0
edc452e7,0
3275efbf,1
b2a37b2f,0
be14de15,1
19d05ee4,1
edd05e63,1
c9b37d46,1
1c0a4984,0
a37eba91,0
29e3bff9,0
825b5916,0
94e840b7,1
0945ac0a,0
9bb8472a,0
ef7ca6b6,1
42bea305,0
b80248d9,0
2f809b0a,0
ee13dec9,0
7c15af9d,1
e91c7bd7,0
28847074,0
bbe224bc,0
53164d8e,1
7ec5f1b3,1
d89f5d81,0
8ac3a294,0
814812b7,0
0e091421,0
565b3189,1
431891a5,1
e15b8332,1
7af74e9c,0
59ae44fe,0
e6465074,1
c88ec6ca,0
a2b8b877,1
e4f5199a,0
be72b0db,1
e9fc62a3,1
d33fe787,1
6f2cf840,1
9d15b086,1
d102d361,0
bb537c0e,1
ab4cf62e,1
7ff3da29,0
0a86e002,0
32c86c99,0
01fa1d01,1
28b8b164,1
c462b032,0
40583f99,1
993b150f,1
235a1bba,0
66c1d944,0
2cf25e99,1
8e2b82f9,0
82deddcc,1
af0f1684,0
31968b6a,1
a6ed010a,1
cc1ee532,1
56433dfe,0
a8f7adc4,0
32492018,0
7cc464fc,1
226e947b,1
0e94cbb4,0
218320b9,0
23c3862c,1
2f771e1f,0
c2446700,1
0edb10de,0
86bfdb9d,0
fa68d325,1
3cc79cda,0
243275a8,1
7c71cc8a,1
e299f36b,0
66e36266,1
9cece6a5,0
fa7a311a,0
bfa82a3e,0
08c7d1fd,1
809ce967,0
1b84a554,0
0bfc55e3,1
4da9acd3,1
c39be874,0
239c1a3a,0
472ff37d,0
78b0f258,0
c1e88a7c,0
9d324b1d,1
be2af18a,1
31104563,1
2a25029c,1
edba4444,1
5ab5d7fa,0
b3d7eb06,0
253e69d0,0
7a018ed5,1
51a3ce16,0
ca3b767f,0
426357ed,1
0728a622,1
3ddb88a3,0
c10d84c2,1
5a55a703,1
9a0da8ec,1
6b910c8a,1
face1da0,1
762c3dec,1
254576ed,0
2a60ec06,1
26c490c7,0
d1336159,0
2b0cdc1e,1
83d038a6,0
ae2bf574,0
7861f431,1
8d250fd5,0
867ed709,1
0acd3b82,0
27a9df1a,0
bc205d5e,0
90f43311,1
70351466,0
aa58cb16,0
39e45b58,1
a48b98dd,1
44a1a06e,0
b93035ea,1
94a46062,1
23ec6707,1
3c9aa00d,1
e0d22152,0
f55fcfa8,0
714fb754,0
86c685a8,1
9ddc15ef,1
37419f08,1
a8faa2af,0
46e44633,1
a3f4346e,1
c733200f,1
c9468e04,1
851a960f,0
353d3c75,1
1ca091c3,1
15d1a32f,0
889012e5,1
4162a103,1
b7c3ee5f,1
f5b44704,0
d8a69867,0
993498fe,0
48981d11,0
1dcf08ae,0
69d6f776,1
cba334a8,1
bfa45801,1
fcfbf5a4,0
56629db6,1
1cf25adc,0
77abbb69,0
071d9995,1
e33c5acc,1
2a121d93,1
ae0f119b,1
b791803f,0
f0b61d53,0
16e4a251,0
db227cec,0
8cb3bd3d,1
550a7209,1
bcc01401,0
7f740949,0
0fa411b6,1
aef98ca2,0
cb73ab08,0
7386b3ee,0
1cd47699,1
71662487,1
54432161,1
b6303358,0
4a230457,0
c3c61655,1
4c97d374,0
a2be15eb,1
48b176a0,1
6d42b85c,0
33c14374,0
a6a95c58,0
6c318b90,0
5d6623ea,0
76888a41,0
913bd2f7,0
a28f7768,0
341154a8,1
8bb3b1b6,0
12467470,1
4bdf4372,1
1cd78b8f,1
e93d397e,0
57f28f70,0
95c3bbc9,1
a4d1f738,1
1cbdefea,0
faa093ec,1
0be76cf2,1
a8081749,1
34d6a8c6,0
1114b3e5,1
80a39adf,0
ddeab948,1
3198726e,1
9ef4ed0c,1
d4ec0298,0
5f2a1de0,1
8dda866b,0
45f48445,1
01fc1b0c,1
11edd6e1,1
7f7f31e3,0
98414cba,0
e32ffe1f,1
35417c1f,0
2ffd748d,0
bf0438c5,1
1439e502,1
69a67028,0
7ab8c5d8,0
b2fea493,0
da456b8d,0
d4410a8a,1
c9f71d9a,1
3df4124f,1
b621c54f,1
2583f7eb,0
ca9bb1e3,1
ac8f7d89,0
0a7f6a85,0
dc6ed41b,1
20b2098b,1
867df0cf,0
2421735f,0
dc6cd07f,0
74dfb786,0
2d167487,0
b6a2474e,0
01ce75bf,0
504055c4,1
ef837d61,0
aa98bb41,1
f05f558a,0
1b710efa,1
a0fe9140,1
3ab5d544,1
fcbdc6bb,1
d0df3da8,1
ff3014ea,0
454bacce,1
bb436998,1
02e45747,0
c8581eb1,1
1c4f6995,1
6105f549,1
497da95f,1
76b8a804,0
fffc03be,1
8cff3a64,1
d4473c86,1
93ebc012,1
3d73cc54,1
3fe55001,1
987b2028,1
47dec4e4,1
ec345250,1
38b32b10,0
857446b3,1
61728d5b,0
e074bb58,0
42ca5e21,0
86f706a9,1
3953446d,0
024edc82,0
bd182e61,1
9f67b4b9,0
9a118f8d,1
ac7ed335,0
d9bfbfbf,0
5733cfb6,1
29ba67fa,0
6efac173,1
e81a4bfb,0
cf55ba3d,1
c448ca96,1
653ddda4,0
8d43f5aa,1
fe2c3551,0
5b3462b4,0
56ee8094,1
c4090e5f,1
0bc6d3f3,1
aa11e6b2,1
e432ac54,1
60e810d8,1
47aa4344,1
bd1cc332,1
8baf28a4,0
c9b3be21,0
238bf20f,1
e40eafce,0
eb0bd07f,0
aef3698d,1
aa277c1d,1
96be4b20,1
8793a1e8,1
f9d11b91,0
37b32b09,1
5f455a1c,1
69899f12,0
af53f1cc,0
bc684522,1
36d4e7b2,0
ef2251d3,0
a57ed091,1
15765209,0
7e0ace55,0
b73ea6b0,0
35678e98,0
bf3223d3,1
90bcf73f,1
0ae2b339,1
2a5ec973,0
5fb64529,0
fba60ee0,1
a2969ca3,1
35414fa4,1
addb653e,1
a9e709af,1
83eafde0,1
a2ba11af,1
666db43c,0
9eac4ee0,0
79d397ba,0
8950e611,0
ab895432,0
be8a0e7c,0
486c41f7,0
7612e755,1
767611f8,0
a4823aaa,1
912fcce4,0
ad0837f5,0
4406a777,0
dc63199f,1
4114606c,1
b9007cb6,1
2f074149,0
a2727dda,1
6faba3ea,1
553c3d54,0
62391e57,0
751ff144,1
2dea10c0,1
308d1047,0
30b22714,0
6c19333b,1
df547018,0
f0f54228,0
374407dc,1
e2f8604c,1
2b0eb36d,0
83f8a741,0
24234887,0
987eafc7,0
7ab7879c,1
40aa0eb6,1
83b320a3,0
970c9a3d,1
f6e18d6c,0
01ce3306,1
86585759,0
1e359bca,1
c197f032,1
eecddfe0,0
93063363,0
a5746f44,0
3f105a39,1
bdd38d6a,1
a99cffb8,1
abb3f7bf,0
5699e33f,0
e89984f0,0
f835dc2c,0
c29f2b35,0
7ac91a43,1
7a464419,0
320db744,0
84d1f00f,0
2642dbb7,0
9d0a627f,0
d74bf4cf,0
2d611d89,0
b5aefde1,1
d9e50c40,1
e8f3ad8d,0
e0444810,0
e33f39d6,1
75178e11,1
73ce4a73,1
eec58f3e,0
af118312,0
24561331,1
2a348960,0
fb2c4271,0
c679cffe,0
f10bd2e0,0
f203e485,1
b7c2689c,1
d2ba6cd8,1
00498ec2,1
8542e2f5,1
daef623d,0
ee427506,0
c9dbd3ae,1
b71a70d8,0
d24ba158,0
2733397c,1
374bc376,0
83503e7f,1
4cdb51ff,1
7c2a8c6d,0
4f264507,0
333ec075,1
7fe3670d,0
e0a0d397,1
57a89b0a,1
ba305a4f,1
7c43c3fd,0
80d9b37e,1
e1e05c42,1
0f26cbf2,0
eee11f80,1
70d5121a,1
4f7ee796,1
9cfd07b3,1
0f7352b8,0
ea80e43e,1
4dda30e8,1
95b5d9fc,0
7a7bdcd6,1
26ae9939,1
febf6e76,1
0d7cfe0d,0
c7c8fa80,0
b610d4a4,1
fece20ad,1
c5e9fdbc,0
3459692d,0
9994c938,1
ac42d3a0,1
e953da70,0
591912fa,0
ee80406d,0
d03bb797,0
97702e1c,0
ac983884,1
b198531b,1
3392e412,1
11c10326,0
6aacf1eb,0
af1649ec,0
0d778736,1
81231d09,1
64ffe866,0
147932b5,0
e1909f99,1
0a9c3b4f,0
2fd740da,1
9e8ae30a,1
9ee64562,1
19a30f23,0
34382592,1
a6e10c06,1
aeca7ce2,0
4cbcb34b,0
e22e09dc,0
9e8608a9,0
a868a68b,0
c8defa66,1
f37e2cfd,0
b87ff1da,1
1420a504,1
6c04b0ad,0
a67aeac6,0
19c2da7b,1
22b7cdfe,0
4ca95d8c,0
0dd14cbd,0
dcf7f4e5,0
b4845037,0
fbcfe4e9,1
f75b7ee0,0
4c3a8766,0
20b7d3df,1
d45e87e4,0
ad8c3352,1
5a9914da,1
2e1d3839,1
e67f35bf,0
1ec94ab9,0
1c3072ea,1
72807a65,1
9b4f5d8f,0
f61ca3fc,1
af4d7fff,0
1780196e,0
0e9511df,0
d09e2b75,1
3c9d931a,1
16cda7f6,1
8dc549d0,0
5cd91f24,1
e9c875e5,0
07879513,0
f6dbc510,0
4a9e0860,1
a25b569d,0
a77174ba,0
a5c9f59e,1
29b11dfb,1
35c5e9bc,1
01b4b6a6,1
b9c22611,0
e6c76032,1
a1ccfb71,0
6c344249,0
bd0d68cb,0
1b70a6ff,1
fc5f3366,0
9291fb86,1
0be7b74d,0
baf417e6,0
ade6c12a,1
bf7d296b,1
e8a60aea,0
fde7dff0,0
c6a2e5fd,0
dd4863de,1
385afb8b,0
9ed3d9e3,0
95453e1c,0
b5b02902,1
2bc2e842,0
58517cf0,1
6c159141,0
966e6c4b,1
734a3e9c,1
0679558d,0
aa8d7b89,0
85721c30,0
81c722f9,0
f005d28a,1
4c5b8aa7,0
65b7c88d,1
86df8a19,1
6556fce7,1
2f3f8e1b,0
383a337d,0
c0f5e227,0
0c003f3d,0
5dfca52b,1
5d63f4e1,1
caf83f9f,1
f8e87232,0
8d34a27f,1
2b9deb4e,1
24a1360c,0
67ff08b3,1
671fe9d0,0
a2477f0b,1
24bfbd23,1
498f5a4a,0
b053eece,1
411539e8,0
63ab6e93,0
83a6e182,0
a86eaae8,0
45e43f02,0
6fdbe27b,0
5aae5f9f,0
63939fd1,1
1f0f48a0,0
872a0b0f,0
001dcc27,1
23b86c6e,0
9cbb29ab,0
7225f7f5,1
8614a3bf,1
19bbdf6f,0
9aca57cb,1
0e22b883,0
c29150c5,0
babaa2e1,0
a07dfa7b,0
706fab6d,0
0120f63d,0
b058d93b,0
1f669ada,0
d701a6af,1
78688265,1
445bb707,0
d7146f47,0
adf0c5db,1
3b575b23,0
bb170697,0
20b62149,0
8c3d919d,1
974b03ae,0
16af225c,0
b8dc5680,0
7e8c8d15,1
a87a051f,0
0ef36fcd,0
34afd4f6,1
085f7a7c,1
661ecc2c,0
97a8321f,1
0e4967ea,0
8ed84c70,1
e1ce3db8,0
fb390a07,0
119b3af9,0
f9f4f24a,1
f094761d,0
4f3d434b,0
190e6c3b,0
79c84956,0
263fcb2f,0
c219d4e3,1
7fbf6dbb,1
a97660af,1
7988b79a,0
13f24438,1
39f0d5ec,0
52430919,1
fd57b5e3,1
ba2a32be,1
608698d5,0
a5025e96,1
3d1dfd9c,0
8c5e390f,0
422f3e87,1
81238b1b,0
87b0f444,1
16e1ca94,1
f585e7f3,0
7df2305b,1
41621e69,1
be6488ce,1
4f2ba3e7,1
927f7dbf,0
ff34a03c,1
a68c810a,0
a201f6d5,1
add76e9a,1
2318c754,0
7ff6303e,0
404077bd,1
bb915302,0
626c5adc,1
eeab501e,1
9154ca7c,0
b3a1cc4e,0
0de21838,0
561737eb,0
acae5ccd,1
3d61365c,1
b563328b,0
8e89f0b4,0
ab37133f,0
70f77ce6,1
293e2626,0
00fc0af3,1
f86c3668,1
0d34337c,0
fefc877e,1
4ffe24da,0
160af15a,1
8f410093,1
69b0a009,1
f3108487,1
243ffa3c,0
6107e0c9,1
9cc16ca5,1
8f452a18,0
90b603f7,0
08625afd,0
01c78b35,0
adc76a5b,0
f9ba5fcf,0
39bd5dc6,1
334eb3ef,0
4a1c2abc,1
8c0d3e73,1
8b538aeb,1
b937769b,1
67791c1f,1
2a55959a,1
88a0d37e,0
aab58a59,1
35c2f5ff,0
a1b95ce1,1
615a672d,1
9a878f24,0
0dba6bc7,1
d85de509,1
1732c719,0
0dd3b049,0
5cb6a719,0
24cd2e38,0
0f3e7385,1
17f3385c,0
021edc92,1
e30f6722,0
b0b03585,1
8bed964e,0
c2a55477,0
ed9d55a5,0
e7c4d140,0
4a04631e,1
1212cc8a,1
1e27cd8f,1
d5072a92,0
693faaf6,0
ff8a31da,0
7a588265,1
4ba8f0fe,0
871b171a,0
d7b06383,0
f33c3ebe,0
d611d547,0
d66db0a0,0
c7d9be75,0
fea6c244,0
a64e6f4d,0
9fda2b2d,0
dd8f6b34,1
50fa0726,0
85744a43,1
4fdcf0b1,0
5769e09d,1
76d110db,1
5aa2832e,0
2fc704d8,1
ea40465c,1
31564ca7,1
27a19658,1
8dbb7f29,0
95e12f9d,1
22f13fd8,0
7560c819,0
d1c5bf08,1
a48f583a,0
f115df57,1
c1ac52e7,1
9dff007b,1
766f762c,0
05fa4b60,0
1db4d64d,0
eb7803a5,1
5ff8a1e3,0
ea2d2fd9,0
9edd46d8,1
17db1ddc,0
38caf6b6,0
7dedfd9f,1
3600c902,0
bdafd10f,1
17750203,1
23a375f2,1
3fe12c2e,0
353c1253,1
309ccbb4,1
266ff43c,0
afe01c18,0
2770c0d4,1
053485ef,1
82b56d33,1
7ad6143e,0
82624d5f,0
caf06626,1
f39614ba,1
94405fbd,0
8227f0f4,1
d22645eb,0
4c110f0f,1
e723848e,0
e48f776f,0
112ccfaa,1
9549ca56,0
9e219708,0
58e551da,1
be3416d2,1
c78ae8e5,0
68a5dacc,1
65c9407b,0
044f416b,1
649830eb,0
57bc69ca,0
e44f2066,1
f83379c3,1
e08608ed,0
b17110d0,0
3e5fa188,1
5d6708b7,0
cd0d7e5c,0
68fc8272,0
8b422002,0
89d45ec5,1
9604caf2,0
c8586176,0
048319e9,1
70ac70a3,0
5f845659,1
c2ee0549,0
6bc0f307,0
d284617c,1
a57f8260,0
f5e71c24,0
0417ee59,0
d5cb6759,1
964e12af,0
a2a754ec,1
1a5cfd60,0
56c13200,0
bdfbbc40,1
b9997493,0
404f485d,1
e0a87143,1
6e5b2b40,0
50e4f0e1,1
5d893bfb,0
4859d143,1
699e6c35,0
e3f8651a,0
b7bae66e,0
43b576f9,0
f49dea03,0
1790920e,1
a7f24eb0,1
85c2e246,1
e38cd854,1
fdbb1adc,0
8631a07b,0
4aa253b3,1
6aa857df,1
afcdcf38,1
02702cf0,1
8cd1adad,1
33eaf7d2,1
e2a5fea8,1
febdf5ee,0
02fc913c,1
399ea4dc,0
4b17544f,1
9063d108,0
7d6aa50d,0
56d83362,1
21758c35,1
5e51d46b,1
1e9048d3,1
4b73d171,1
30b89f1e,0
73db362b,0
8e665907,0
7962a5fd,0
a2154670,1
28265f62,1
f1c10e95,0
ae7d320e,0
9836b9f6,0
ad37ffda,1
dfd17ddd,0
4a1150e8,0
6ee2c22f,1
7e90e454,0
5a644ce6,0
75fbdd05,1
dbdf3206,0
159b06fe,1
2b52542b,0
90363bdc,0
be5a7ddc,0
22ea90d6,0
c9508595,1
9ca624a8,1
b5038f7c,0
98d8ab83,0
1705fe54,0
9330e329,0
fc11ae55,0
3fe607ba,0
dc34c867,1
f15ba6b6,0
165c5857,1
dc67eb4e,1
b60dd452,0
a7104db8,0
0806b997,1
7cb50520,1
abc254ca,1
df4676ff,1
90fc4a3e,0
d1db5340,1
01ace258,0
b0231b62,0
38be57e6,1
b20ce84b,1
8221dd5a,1
f28c2292,0
3c318c60,1
31efd9f1,0
cf85abb1,1
7e18b224,0
7f941643,0
467c863f,0
9d4ae3e4,1
1fec7f2b,0
fcf5f249,0
31becf83,1
22ded079,0
fa248991,0
addede93,0
fa6c5966,1
bd59457f,1
08e302e7,1
7519c6c4,0
7d21657e,1
7a363b2a,0
428833cf,0
f25d2e0a,0
63b7a637,1
4de8b82f,0
69632be7,0
f6879ece,0
89082339,1
81dc7b4b,1
44668b59,0
b1034a1c,1
a681a041,1
f33ceac3,1
586fd02a,0
e298aa19,1
9f289cdd,1
dd8328a3,0
8167ad6e,1
498a4e99,1
810eb020,0
9c17d9d1,1
e8eb7bed,1
ad5eca52,0
8ec65d67,0
8ca9f6da,1
ae5ee599,1
6f6673ed,1
3817fdd5,1
f0ffef9e,1
8c34e813,0
36b4b43e,0
02536db4,1
8fc6bc59,1
7ee8e124,1
fe2b5fb3,0
6f96db4b,0
1bcdc1fa,0
64939bdd,0
d730638f,0
4ff92fc9,1
8498830f,0
eb8d4f6e,1
7ddbc98d,1
0ebe3e88,0
59a2a0c1,0
3ed1d1e7,0
7e6fe32b,0
c70515c7,0
87a87038,1
6489680e,0
36949818,1
5bf5746c,0
50a12c5d,0
dbbfdb4b,0
f664b535,0
1a5543ad,1
44db8589,0
c34e48eb,1
e9bed8ca,1
739cad76,0
b52c595c,1
9d7e1cb4,1
572014da,0
216efed0,0
b29b8906,1
45fe2710,0
3ce5c84b,0
6e1bba6b,0
cc98f35e,1
5938e984,0
f50b1a96,1
dceec450,0
b5c5e45d,0
40095c35,1
af99019d,1
a3474667,0
85a3788d,1
d3f69c1e,0
12699618,0
86e7a79a,0
8fe9ccdb,0
3fe522eb,0
28727636,0
e4d20283,0
530b3fc3,1
1b9796d8,1
99e9cfaa,0
ba2c02ce,0
f1080550,0
60434c42,1
5ffb61f8,0
991cead0,1
5d1c7887,1
67d2ab78,1
d86e12f0,0
53762882,0
afe05c09,1
ac0249ea,1
bad45e6f,1
807eaf10,0
0f1834ef,0
b3fedb82,1
d0c8b794,1
5bac90bf,0
601cd1a9,1
f0f81225,1
999c8310,1
f3db71ef,0
555d0c6d,0
945b2ecc,0
81eae9bd,0
84db66ab,0
8118e000,1
5b2f3cdd,0
e6033f5f,1
e04fda5e,0
886ba81d,1
d8856444,0
064c844d,1
f1bf48a2,1
5c4dc8a7,1
6ce4f166,1
a9bdd641,1
e960082c,1
78bf8afb,1
7320c7bf,1
7c4d3a1d,0
6ef16f70,1
15e37f93,1
1f25ea9a,1
19ac9d13,0
0f168ca1,0
ecdb7796,0
2eb61bfe,0
b0aef415,0
9b3e392a,0
0b0e4bcb,0
4578cb35,0
00b19532,1
6175b622,1
590ac51e,0
7ffa0d97,1
313c12f6,1
31976e38,1
c0917113,1
c494649f,1
7859f3c2,1
6131a82b,1
ef5bb73b,1
4c13bc72,1
17a1736c,1
c21e47a7,0
1abf04d9,1
774b8bbc,1
dda0b61e,0
f4d5b0c8,0
cc8632ae,0
0d657e24,1
522120cb,1
22881a29,1
908c8fcc,0
da11106f,1
f322d041,1
397d6734,0
a25171d1,0
b7a4bb69,0
06555bde,1
fd596e48,1
7f1ca1a9,1
970aa50d,0
bdd62846,0
6ae6a7c2,1
892a6687,0
425c6058,0
da26d01d,0
5b16f929,1
caf5d2a7,1
2623a9cc,0
c2f7369c,0
ac9bad0f,1
1633e5db,0
6934e0e2,0
9c39f961,1
78186530,1
b97c8f1f,1
1951de72,1
72f9b441,1
1466874a,0
bc05d801,0
e7ba9a92,0
d63e35f3,0
fbadf0f1,1
2501139b,0
65eb3f37,1
ef3506a0,1
25431819,0
d7291c4c,1
060257ce,1
8c810415,0
c075ef6b,1
b978f631,0
48c76534,1
a1bdd967,1
6a0532c4,0
bfa4c91c,1
4f58dcce,0
f23f7872,1
255f6669,0
008e1390,1
b8f5b61a,1
cafcc594,1
142e866c,1
9f03df7f,0
6f2ff21b,0
a1c83114,0
649b090d,0
6a233d68,0
aea7a35a,0
426ddecc,1
74108fb3,1
b6c858d4,1
fa2068ba,1
3d189f6c,1
a9c6299f,0
9455b1cc,1
c25c2d0b,1
538445d1,0
51a3866f,1
95e3306a,1
7427745c,0
856d7911,0
4905d75a,1
56d87fc1,1
2f0082f8,0
b9c9ab6e,0
bd0f6ade,1
cbc9ec97,1
5ce45dac,1
96b3a5e4,0
2ea72421,0
20584ae0,1
6c863596,0
881c7b8b,1
eb8e9c44,0
b4c8388b,0
fdaa74a9,1
96a4b008,0
10683ea9,1
d83a4169,0
7b253b6a,0
9078b9d0,0
21bfd96f,0
ad9c4931,1
94f0bcac,0
3aeddc15,0
10064ba3,0
cdbc1d11,0
752bf5a8,0
cdb4b23f,0
310c4687,0
eb7bd5e1,1
31ea720b,1
9643c14a,0
a8aae193,1
c49e4635,0
851dbf15,1
2f8e5560,1
0b0bf1c7,0
93f94f27,0
7427af40,1
075d0924,1
5a2f601e,0
3db9291d,1
fafae091,0
fda0dc36,0
53e1ee46,0
b400cce3,1
624c5144,1
8b8b8bcf,0
e4f9205f,0
7b852884,0
4b5be9b6,1
8e13d63c,1
1d5e95bc,0
0b75e9a2,1
897c48b5,1
bff2e086,1
9a6cffc9,1
041ab581,1
c03b7e7d,0
aec942fd,0
e34ea03a,1
d8302250,0
7acc7f70,0
2c508905,0
005c0c19,1
1c5ff0bf,0
c6d05e8e,1
7e54affd,1
b7807d03,0
f049f738,1
eb7e6415,1
3cc53a5e,1
7fcbefde,1
53241856,1
840c406d,0
12a388ff,0
d6b19eae,1
ee8f693e,1
5d2265fe,1
e1775348,1
d3e07ed3,0
014fdab8,1
b6d0b7b3,1
33ee70f3,1
b1e1bc96,0
6c705c2a,1
90e54fba,0
9c31e964,0
e0a02564,0
be63dc98,1
011776ac,1
a9e4ecee,1
925e7611,1
58e2e508,0
4cac0145,1
eb517021,0
146672eb,1
fa9bf9b1,0
e804275b,1
467bda3e,1
7e3f30b8,1
f4c18f9f,1
e21d9629,0
fbd7e76b,1
e15364c6,0
95a68ec0,1
93ae02f5,1
40ca8e19,1
0feb3b7d,0
87038174,1
06b5c24e,0
2f506f2d,1
061a2fc1,0
79cc05c3,0
bbd756c5,1
8a44a375,0
756ace86,1
90a03c4e,0
4623aa20,1
ef581bca,0
1d8cddcf,0
90da97aa,1
643c84d2,0
d46f9f20,0
393f78bd,0
22e2dc93,1
aa13d4bb,1
2a0985b0,1
421027c6,1
5ac8f4e1,0
a07edae4,1
10b21ecc,0
21949d20,1
a3325826,0
795d8928,1
8917d232,1
6c23b810,0
ca7f1136,0
767e2d3b,0
a002efd2,0
4825bd29,0
732ba515,0
aeacab42,1
cea7f74a,0
17e29118,0
a7124665,0
9a4831c9,1
cffd1418,0
4ffe4933,1
d61a3f38,1
79c32afe,0
e816b73d,0
a841bf64,1
10bb5c56,0
48bb1afd,0
3b02d7e9,1
663a4226,1
df61ddd7,1
e4f3525a,1
0f2efe00,0
72bcdf81,1
5a12c613,1
ea70ab72,1
dac64c55,1
d8474abd,0
75a93ab3,1
76873d6f,0
cbc65660,1
877b1195,1
c8ea1f4e,0
0615967b,1
0f3c27c3,1
ac1ab0e9,1
f9089833,0
33c513db,1
15378f70,1
2048e32d,1
5303ff77,1
68aa4794,1
582f2d64,1
acf21200,1
841f7ecc,1
3ed5e5ae,1
6591624f,0
353e2730,0
163447b3,0
077b8f8b,0
9fef99aa,0
edd421d9,1
d162a0c2,0
1c6894cd,0
3a634a03,0
d095a460,0
4000f041,1
78260d13,0
c24ead0c,1
8b387f8d,1
43217410,0
aa49b0eb,0
684e5c28,0
9401fa40,0
b7f4756f,1
0e8abdae,1
328ab8d2,1
38e61f00,0
e7c49849,0
99ca35d3,1
6e103617,0
02bc34b2,1
a8340c70,1
834ef429,0
c1a863cb,0
89090589,1
53d359ee,0
e1022fa1,1
c32b2ef9,0
efca09b7,0
bdd8edbd,0
ccb2c176,0
7aad061c,0
f1d3babc,1
963e1f43,0
6a4ee03a,0
edf86b77,1
bc0ed20b,0
00aee0c0,0
485526fc,0
3e455cbc,0
661b7589,0
ef3f9abe,0
437a9794,1
52d8b9c6,1
b05dff46,0
4501969c,0
a15f13b7,0
d09dbfd8,1
2c803b2d,0
b5e16d33,0
cec90c4e,0
903cbe02,0
ff1744ec,1
b8e4c6ea,0
8e54e22d,0
aaca7cbe,0
674eaaa7,0
5c0273fa,0
6bfdc1c7,0
e452558a,0
184797a3,0
563cbd8c,1
e311bf0e,0
8e01c782,0
b2a31251,0
d7a94a14,0
8a1c26b4,1
c19809cd,1
a3351e52,1
a41974ba,1
9405082c,1
ed0ea7f9,0
e37f4a48,0
14f0e8c5,0
5c4a35db,1
e53e100c,1
33ee9dbf,1
c429be6f,0
b6cb8ffd,1
d01f9772,0
faa84b48,1
4de14edc,0
a5903eaa,1
e9916ac7,1
7085ec53,0
7134a9fa,0
3188989a,0
cc93dc71,0
ff10cdf5,1
f589245b,1
ba504e94,0
ed8ddccb,0
3f9b7991,0
d93d651f,1
30326324,1
c3f6a8a8,1
5f3e3daf,1
449a724c,0
e7010b22,0
f8dbbbc2,0
a8c5a098,1
42c82fff,0
e4e351d0,0
8d935dce,1
10b33182,1
ac38406f,0
9911a138,1
287a7fd4,0
80e982d4,0
1217b3c2,0
3b50ec88,1
9b34d454,1
733a496b,1
5f4ec727,0
680afb6a,1
7279de62,1
8c371611,1
1641713a,0
b2d1a83b,1
375238d3,1
173c11cf,0
a1f841c3,1
97db40be,1
f4f76013,0
a85f838f,0
e8c9c74f,1
4956a368,0
248a4921,1
87a2d0ba,0
9f247241,1
152326aa,0
beba2a0b,0
8d72f42b,1
c5c2f08b,1
